DAUID,revenu_median,Nombre_m√©nages_faible_revenu,Pourcentage_population_active_15_64_ans,nombre_pop_total
"24660959",63600,5,64,368
"24660960",60400,5,66,466
"24660962",67500,0,71,461
"24660964",73500,5,60,561
"24660963",45200,10,69,434
"24660958",56000,10,66,527
"24660965",57600,5,63,485
"24660957",54800,10,61,402
"24660949",60800,0,66,596
"24660961",57200,5,64,546
"24660966",87000,0,62,614
"24660967",70000,5,64,758
"24660969",51200,5,41,639
"24660968",29600,90,37,992
"24662174",53200,10,67,777
"24662176",58800,15,68,823
"24662175",47600,5,55,702
"24662177",76500,5,59,326
"24662171",67000,10,69,1076
"24660881",67000,0,59,281
"24660880",61200,5,66,567
"24662173",60800,25,62,960
"24660879",58000,5,64,510
"24660882",62000,5,61,433
"24662172",62000,10,65,407
"24660955",46000,10,48,796
"24660956",63200,0,69,540
"24660954",59600,5,60,452
"24660951",64000,5,65,535
"24660953",86000,5,62,471
"24660952",42800,10,73,820
"24660907",59600,5,60,341
"24662180",47200,15,67,905
"24660906",65000,5,60,410
"24660905",52400,15,64,684
"24660908",54400,10,66,759
"24662178",54800,10,64,949
"24660904",58400,5,69,415
"24662179",54800,25,65,932
"24660903",66500,10,61,458
"24660902",46000,10,65,580
"24660884",60800,5,63,651
"24660883",60800,10,66,734
"24660885",52800,5,67,582
"24660886",51600,15,68,898
"24660891",64000,0,65,457
"24660889",63600,5,60,425
"24660916",54000,5,75,440
"24660878",,,68,221
"24660981",53200,10,69,945
"24660985",107000,10,60,414
"24660984",89000,5,53,302
"24660971",57600,5,61,449
"24660972",51200,5,64,319
"24660970",57200,5,63,516
"24660973",63200,5,65,397
"24660983",39200,20,44,664
"24660974",51200,5,67,362
"24660975",55600,10,64,630
"24660982",42800,5,59,431
"24660986",54400,5,62,412
"24660987",59200,5,57,451
"24660976",38000,15,58,492
"24660980",60800,5,71,425
"24660977",53200,5,67,517
"24660979",62800,5,68,501
"24660978",60800,5,68,530
"24660988",49600,0,61,343
"24660989",63200,0,69,351
"24662124",68000,5,66,584
"24660992",58800,15,64,789
"24660990",61600,0,67,576
"24662170",74500,5,59,664
"24662169",56000,0,70,383
"24660991",56800,10,68,641
"24662121",66500,5,61,520
"24660993",59600,0,69,519
"24660994",61600,10,67,566
"24662119",89000,0,62,788
"24662122",108000,0,64,660
"24662123",63600,5,65,479
"24662120",69500,10,61,531
"24662117",75500,5,64,345
"24662118",86000,0,62,381
"24660995",57200,0,66,263
"24661002",55600,10,67,858
"24661209",59600,5,67,642
"24661210",59600,5,63,321
"24661166",65500,5,66,597
"24661165",66500,5,64,536
"24661164",33600,65,59,494
"24661212",78500,90,59,4943
"24661208",,,,15
"24661201",60400,10,67,585
"24661200",60000,10,65,559
"24661202",67000,0,67,472
"24661199",58400,5,66,548
"24661203",67500,0,68,832
"24661163",51600,10,74,735
"24661213",23400,50,32,476
"24661162",52000,10,70,641
"24661172",65000,10,70,685
"24661161",56400,0,71,389
"24661160",57200,10,74,429
"24661173",65500,5,75,401
"24661159",58400,5,81,363
"24661174",56800,5,77,548
"24661158",56800,5,81,430
"24661175",56400,5,78,408
"24661157",46400,10,83,420
"24661176",55600,10,79,486
"24661156",46800,5,82,491
"24661177",54800,5,83,498
"24661003",57200,5,72,564
"24661198",70500,10,66,493
"24661211",57200,5,71,344
"24661167",51200,10,71,428
"24661168",55600,5,73,416
"24661169",61200,5,70,691
"24661170",57200,0,79,548
"24661171",49600,5,78,618
"24661197",69000,10,66,618
"24661204",83000,0,73,255
"24661196",71000,0,65,669
"24661195",76000,5,64,557
"24661205",52000,10,70,707
"24661194",71500,10,67,701
"24661191",56800,5,71,490
"24661206",54800,0,70,520
"24661193",46000,5,78,343
"24661192",58800,5,72,633
"24661207",57600,5,68,503
"24661020",53200,5,70,626
"24661190",61600,10,71,615
"24661021",48400,5,79,269
"24661023",48800,5,67,474
"24660877",55200,5,60,435
"24660890",63200,5,68,592
"24660901",51200,5,61,539
"24660888",54400,5,64,437
"24660900",59200,10,63,655
"24660876",54400,10,65,514
"24660887",52000,15,67,394
"24660899",51600,5,66,496
"24663476",83000,15,71,1033
"24660894",58800,15,67,764
"24663382",,,,0
"24660895",66500,5,65,479
"24660898",53200,0,67,275
"24660897",60800,10,70,674
"24660874",62400,5,66,541
"24660896",57200,5,66,429
"24663304",55200,10,69,364
"24663475",63200,20,43,2201
"24663305",58000,20,58,729
"24661001",44400,30,68,548
"24660998",48400,15,66,685
"24660997",52800,15,70,953
"24663474",45600,65,75,3133
"24663381",,,,10
"24661011",69000,0,64,436
"24661010",58400,5,63,606
"24660822",39600,5,81,416
"24660871",31400,25,75,690
"24661046",57200,0,64,397
"24661012",34000,50,41,506
"24661045",49600,10,67,526
"24661232",55600,15,64,1375
"24663255",55600,30,61,1505
"24661233",57600,10,62,853
"24661230",79000,5,66,965
"24661215",52000,10,76,672
"24661214",48000,15,64,590
"24661216",54800,5,77,365
"24661217",59200,5,80,350
"24660999",58800,5,69,521
"24661000",54000,5,67,492
"24661004",51600,10,73,532
"24661009",48000,15,62,598
"24661008",48400,5,70,354
"24661007",58400,5,71,474
"24661006",56400,5,68,313
"24661005",39200,10,76,466
"24661018",61200,10,71,768
"24661017",52000,0,76,671
"24661013",59200,5,72,641
"24661014",53200,10,69,628
"24661019",52800,15,71,557
"24661015",50000,10,72,336
"24661016",46800,20,70,626
"24661039",38400,15,64,455
"24661044",54400,10,72,587
"24661040",52800,5,70,523
"24661043",58000,5,71,773
"24661038",49200,10,73,467
"24661036",52000,5,80,515
"24660810",113000,0,64,474
"24660807",69500,10,56,587
"24660833",103000,10,62,403
"24660808",90000,5,60,324
"24660809",69000,10,59,528
"24660834",76000,5,64,569
"24660872",38400,15,73,883
"24660824",40000,5,82,877
"24660828",76500,10,56,556
"24660825",67000,5,67,553
"24660870",44800,10,57,494
"24660826",97000,5,59,451
"24660827",78000,5,66,688
"24660947",64500,10,64,421
"24660932",71000,5,68,398
"24660930",73000,5,68,323
"24660931",58400,5,65,507
"24660929",50800,5,68,642
"24660928",53200,5,68,396
"24660946",63200,5,68,523
"24660945",59200,5,63,418
"24660944",66500,10,70,570
"24660935",45200,10,64,602
"24660936",44400,10,63,434
"24660937",65000,5,62,419
"24660943",56000,0,68,328
"24660941",55600,10,63,323
"24660938",68000,5,62,595
"24660948",53200,5,66,770
"24660950",65000,10,65,616
"24660934",57600,5,66,489
"24660942",40000,10,69,785
"24660939",55600,15,62,368
"24660933",54400,0,73,445
"24660940",42800,10,68,634
"24660911",59200,5,61,452
"24660912",57600,5,62,532
"24660913",77000,10,63,365
"24660920",42800,20,64,438
"24660914",50000,5,68,384
"24660910",63200,0,68,469
"24660909",60000,15,65,490
"24660924",72500,5,68,797
"24660927",60000,10,67,674
"24660922",43600,15,65,537
"24660925",48800,5,66,695
"24660892",72000,5,69,525
"24660915",56000,5,69,798
"24660921",38400,35,59,650
"24660919",56000,5,66,540
"24660918",59600,5,73,495
"24663395",54800,15,72,685
"24660926",60000,5,66,694
"24663390",54000,15,73,918
"24663389",47200,5,73,532
"24660923",47200,20,61,687
"24660917",54800,5,57,683
"24660893",78500,5,70,508
"24662182",48800,10,69,546
"24660815",51200,5,68,544
"24663385",52800,5,68,484
"24663384",56000,5,77,683
"24662183",46400,5,67,276
"24660813",49600,5,72,640
"24660818",47600,5,71,749
"24660814",62800,10,67,587
"24660816",38400,40,62,821
"24660821",89000,5,67,650
"24660820",112000,0,63,508
"24660832",132000,0,64,416
"24660830",122000,5,58,575
"24660823",47600,10,77,488
"24663383",53200,5,71,643
"24660812",72000,10,73,1321
"24663256",99000,10,63,994
"24660829",123000,5,65,567
"24661022",56000,10,62,398
"24661024",45600,5,64,482
"24661189",69500,5,71,737
"24663180",104000,0,61,499
"24663181",93000,0,67,435
"24662344",106000,0,63,475
"24662343",97000,0,69,448
"24663166",67000,20,26,3084
"24663172",120000,5,66,741
"24662348",97000,0,56,475
"24662347",95000,5,57,360
"24663161",103000,0,65,386
"24662349",94000,5,64,470
"24662356",102000,0,65,427
"24663173",116000,5,66,516
"24663269",79000,0,67,888
"24662346",112000,5,66,441
"24663164",75500,25,57,1119
"24663162",103000,0,64,435
"24662345",123000,0,59,466
"24663160",93000,5,61,530
"24663167",87000,0,62,543
"24662267",92000,0,67,637
"24662423",97000,5,66,439
"24662274",109000,0,65,531
"24662422",97000,0,64,712
"24662273",85000,0,64,504
"24662269",107000,5,72,1210
"24662271",96000,5,64,742
"24663159",85000,5,56,478
"24662270",81000,10,66,525
"24662272",65500,5,70,895
"24663151",85000,10,54,1191
"24662421",71000,5,68,573
"24663152",125000,10,37,589
"24663153",81000,5,53,267
"24662405",50000,20,67,1354
"24663295",73500,5,63,903
"24662398",76500,20,59,1394
"24662404",74000,5,65,980
"24663154",99000,0,59,529
"24663155",119000,5,65,446
"24662397",108000,15,61,1041
"24662366",114000,5,60,576
"24662395",103000,0,55,465
"24662367",114000,5,63,676
"24662400",77000,5,65,777
"24662408",108000,5,62,675
"24662409",92000,0,59,617
"24662399",61600,10,64,810
"24662394",59600,25,52,826
"24663156",128000,5,68,680
"24663049",56800,20,64,988
"24663036",66500,25,64,1932
"24663041",95000,5,69,443
"24663053",48000,45,51,1276
"24663039",97000,0,69,457
"24663037",111000,5,64,437
"24662350",82000,0,58,338
"24663052",99000,0,68,438
"24663023",91000,5,66,434
"24662351",,,67,214
"24663050",32400,105,51,930
"24663040",111000,0,62,482
"24663022",83000,5,67,394
"24662352",87000,0,57,574
"24663035",69000,10,63,619
"24663024",88000,5,60,374
"24662353",58400,20,57,1291
"24663034",65000,25,55,1085
"24662376",91000,0,64,436
"24662377",89000,0,65,505
"24663028",85000,5,64,699
"24663032",128000,0,70,607
"24662403",81000,5,65,612
"24662410",93000,0,54,358
"24662420",64500,5,62,392
"24662411",49600,20,71,1110
"24662412",62000,15,66,715
"24662415",75500,0,63,466
"24662419",65000,5,60,458
"24662414",76500,0,65,574
"24662992",67500,5,60,476
"24662418",84000,0,65,372
"24662417",71000,5,71,1072
"24662416",74500,5,66,725
"24662998",76000,5,64,840
"24662999",71000,0,68,362
"24662994",64000,10,66,950
"24663270",58000,25,60,1121
"24662993",50400,5,62,337
"24662989",90000,0,61,370
"24662997",45600,15,71,793
"24662995",81000,5,66,446
"24662996",99000,5,62,427
"24662988",88000,5,70,708
"24662390",99000,0,62,467
"24663026",84000,0,65,689
"24663051",67500,10,62,780
"24663027",94000,0,67,452
"24662370",106000,0,57,509
"24662371",93000,5,66,474
"24663025",84000,5,61,459
"24662388",97000,0,58,565
"24662389",99000,0,62,512
"24662387",44000,35,69,1364
"24663017",69000,10,66,981
"24662402",67000,0,68,357
"24662401",94000,10,59,901
"24662393",116000,0,56,390
"24662396",111000,0,60,539
"24663001",101000,0,66,364
"24662392",46800,5,62,721
"24663002",92000,0,65,696
"24662413",73500,5,67,267
"24663000",88000,5,64,392
"24662391",79000,5,63,839
"24663006",97000,0,59,439
"24663004",88000,0,64,424
"24663003",102000,5,65,1186
"24663007",101000,5,60,400
"24663005",94000,15,60,451
"24663008",92000,0,62,471
"24663015",52000,10,58,743
"24663016",67500,0,73,370
"24663014",86000,0,68,629
"24663141",70000,5,61,873
"24663419",75000,5,68,467
"24663423",116000,0,67,1089
"24662987",100000,5,64,718
"24663042",92000,0,63,335
"24663038",84000,5,68,536
"24663033",151000,5,72,1309
"24662354",89000,5,61,319
"24662375",60800,5,70,640
"24663029",96000,0,64,628
"24662378",91000,5,66,440
"24663138",60000,30,63,1221
"24662374",93000,0,64,370
"24663030",144000,5,70,1244
"24662355",50800,10,67,532
"24663139",72000,10,62,907
"24662373",96000,0,73,476
"24662357",59600,5,64,812
"24662372",93000,5,65,508
"24663031",105000,5,61,430
"24662362",104000,0,65,329
"24662385",85000,0,68,678
"24662358",71000,10,64,1117
"24663294",110000,0,62,471
"24662386",102000,0,68,914
"24662365",133000,0,59,342
"24662363",143000,5,70,380
"24662368",111000,0,61,727
"24662369",92000,0,58,409
"24662359",92000,0,70,413
"24662364",130000,0,63,465
"24663157",93000,0,65,510
"24663158",90000,0,61,425
"24660804",97000,0,62,645
"24660803",96000,0,53,394
"24660801",102000,0,54,481
"24662434",102000,0,53,499
"24662433",49600,5,66,610
"24660743",47600,10,73,385
"24660742",46000,5,75,337
"24660741",37200,30,69,1737
"24660755",44000,60,60,1313
"24660636",66500,10,69,548
"24660805",48000,10,61,577
"24660863",45600,10,66,756
"24660806",101000,10,62,549
"24660862",46400,20,64,492
"24660864",49200,10,57,876
"24660835",43600,15,69,737
"24660861",42000,15,67,887
"24660802",101000,5,64,614
"24660860",56400,5,57,756
"24660836",64500,5,61,515
"24660858",98000,5,57,476
"24660859",53200,5,65,746
"24660799",92000,5,55,557
"24660856",55200,15,64,824
"24660857",120000,5,59,643
"24660800",82000,0,55,582
"24660798",89000,0,50,602
"24660797",70500,0,60,879
"24660853",47200,25,40,797
"24660855",150000,0,58,493
"24660854",134000,5,56,834
"24663288",95000,10,53,749
"24663280",36400,55,39,1052
"24663279",50000,45,57,2054
"24660794",52800,35,49,1164
"24660849",57200,10,67,584
"24660851",109000,10,61,525
"24660785",216000,0,62,548
"24662436",184000,0,58,292
"24660787",124000,0,52,374
"24660788",69500,20,43,863
"24662442",56400,15,61,948
"24663259",65000,30,34,1115
"24662435",108000,5,56,717
"24663413",62800,25,53,1433
"24660786",180000,0,57,447
"24662439",56400,20,34,635
"24663412",67000,10,34,659
"24662440",58400,15,47,815
"24660783",110000,10,63,524
"24663456",,,,5
"24660868",71500,5,66,606
"24660837",71500,10,65,691
"24660745",64500,5,66,470
"24663428",107000,5,61,662
"24660866",59600,5,65,895
"24660838",65000,5,64,706
"24660839",58400,5,64,714
"24660746",92000,5,58,568
"24660865",55600,10,68,1062
"24663426",51200,10,68,441
"24660840",47600,55,39,688
"24660841",52400,10,69,655
"24660869",48400,5,71,303
"24660744",56400,10,69,1117
"24660748",59200,5,66,635
"24660749",40000,20,75,823
"24660843",65500,0,66,289
"24660844",48800,0,65,511
"24660842",50800,15,65,759
"24660750",65500,5,66,625
"24660845",45600,10,74,517
"24660752",44800,10,66,471
"24660848",37600,15,70,466
"24660850",36400,30,22,402
"24660846",61600,10,63,634
"24660751",51200,10,67,613
"24660847",42800,15,68,615
"24663215",54000,15,73,802
"24663209",91000,5,61,608
"24660763",44000,10,66,568
"24660765",54800,0,59,653
"24660635",50000,10,68,814
"24660852",50000,5,65,537
"24660764",42800,10,70,741
"24660766",52000,5,49,543
"24660634",99000,0,63,679
"24660767",112000,5,65,485
"24660633",54800,20,65,623
"24660768",112000,5,60,551
"24660769",116000,0,66,688
"24660632",78000,10,70,475
"24660770",194000,5,63,469
"24660630",130000,0,62,505
"24660631",71000,10,64,751
"24663205",50800,15,75,536
"24663203",54400,15,61,759
"24663202",64500,5,69,809
"24660771",139000,5,62,723
"24663210",70000,5,68,516
"24663204",72500,5,64,368
"24660753",25000,90,40,503
"24660754",79000,0,67,581
"24660757",68000,5,69,626
"24660637",60000,5,68,573
"24660758",43200,45,58,437
"24660638",86000,0,64,407
"24660639",82000,5,66,482
"24660608",60800,15,66,1372
"24660784",157000,5,62,507
"24660772",65000,5,64,522
"24660781",149000,5,64,481
"24660773",71000,10,70,527
"24660779",66500,5,58,621
"24660774",48000,10,75,747
"24660780",68000,5,64,587
"24663431",68500,10,32,533
"24660775",38800,45,68,729
"24663432",130000,5,66,581
"24660776",68000,5,61,642
"24660777",76500,0,61,411
"24660619",73500,0,60,531
"24660613",59200,20,71,1330
"24660627",80000,0,66,472
"24660626",75500,5,65,479
"24663200",54000,10,73,393
"24660625",25400,65,72,640
"24663199",55600,5,76,481
"24663198",54800,5,73,519
"24663197",76000,5,67,460
"24663196",61200,15,73,409
"24663195",65500,0,74,342
"24660624",40000,30,70,523
"24660623",,,34,178
"24660778",61600,10,70,494
"24660622",26600,115,56,703
"24660659",59200,5,65,602
"24663194",49200,5,76,539
"24660663",56000,5,75,519
"24660664",35200,80,63,1011
"24660660",59200,10,70,541
"24660661",52000,5,76,798
"24660662",76000,0,65,256
"24660621",48400,10,76,353
"24660620",72500,5,71,416
"24660665",53200,15,67,514
"24660687",62000,15,52,897
"24660629",50400,15,42,815
"24660628",70500,5,64,609
"24663201",58000,5,68,400
"24662672",46400,5,65,579
"24662673",52400,10,61,754
"24662709",50800,5,71,473
"24661597",216000,0,63,490
"24661598",135000,5,61,467
"24663351",56800,10,79,489
"24660485",60000,0,64,470
"24660484",55600,15,68,697
"24660482",61200,10,67,586
"24660481",54000,5,63,427
"24660483",53600,0,64,461
"24660490",50800,10,69,557
"24660489",46800,10,67,548
"24660491",42000,45,65,592
"24662612",54000,5,77,480
"24660493",58000,5,76,504
"24662613",57200,5,69,484
"24660497",44400,10,74,565
"24660494",62400,0,69,642
"24662614",55600,5,73,394
"24660495",66000,5,64,366
"24660496",61600,5,70,1064
"24662615",57200,0,65,648
"24662616",69000,0,71,495
"24662617",62800,5,65,813
"24662593",85000,5,62,480
"24662618",78500,5,65,397
"24662585",77000,5,64,529
"24662591",87000,0,56,399
"24662589",71000,0,59,381
"24662586",69500,5,64,649
"24662590",76500,0,65,444
"24662587",48800,10,65,637
"24662588",55200,0,63,638
"24662651",39600,15,66,748
"24662642",58400,0,61,661
"24662643",58000,15,71,933
"24662644",51200,15,65,477
"24662641",56400,10,65,493
"24662640",55200,5,65,542
"24662646",57600,5,61,532
"24662639",39600,30,58,561
"24662645",49200,5,62,739
"24662979",54000,10,65,735
"24662647",57600,5,66,416
"24662638",41600,65,66,825
"24662975",52400,15,64,655
"24662974",62400,5,64,590
"24662978",54400,10,62,383
"24662666",61600,5,67,580
"24662977",55200,5,61,419
"24662976",39200,40,61,558
"24662971",57200,10,63,406
"24662667",58400,5,68,600
"24662676",53200,5,57,505
"24662669",43200,15,64,699
"24662675",53200,15,66,753
"24662679",70500,5,64,766
"24662677",44400,10,66,679
"24662680",54000,5,67,467
"24662678",57200,15,65,510
"24662674",51600,10,63,802
"24662712",54000,10,63,649
"24662681",47600,5,62,474
"24662682",48800,5,66,501
"24662713",59600,5,65,631
"24662710",65000,5,64,624
"24662683",56000,10,68,520
"24662711",54800,5,63,549
"24662684",56400,5,67,659
"24662686",53600,5,69,732
"24662697",43600,20,71,803
"24662728",42800,20,60,618
"24661624",44800,10,69,372
"24661534",42400,10,65,400
"24661526",46800,0,68,385
"24661547",42400,15,71,642
"24661525",38400,20,71,504
"24661535",47200,5,69,525
"24661622",46000,0,70,383
"24661546",46800,20,61,536
"24661623",48400,10,68,463
"24661536",45200,10,70,503
"24661537",47600,10,68,566
"24661621",47600,25,66,1241
"24661520",70000,5,78,985
"24661517",55200,5,80,502
"24661527",39200,15,72,435
"24661548",49600,15,67,588
"24661567",140000,0,61,404
"24661559",50000,10,69,434
"24661558",60400,10,62,346
"24661549",48800,15,65,698
"24661566",45200,20,69,787
"24661557",39200,10,75,544
"24661560",59600,5,68,585
"24661561",45200,0,70,380
"24661564",36800,30,72,912
"24661524",40400,10,72,302
"24661545",51200,15,63,615
"24661538",39200,15,73,430
"24661544",43600,10,79,363
"24661539",36400,30,76,531
"24661523",31200,45,69,440
"24661543",47200,5,65,392
"24661540",41600,10,78,599
"24661550",40800,15,69,335
"24661542",51600,10,62,367
"24661556",52400,5,70,657
"24661562",50400,10,70,566
"24661555",43200,30,63,670
"24661563",46000,5,71,807
"24661617",33200,40,61,299
"24661616",50000,10,70,652
"24661615",44000,20,67,735
"24661554",54400,5,71,406
"24661618",59600,15,71,1012
"24661614",48800,25,68,831
"24661522",52800,10,70,922
"24661541",46000,5,75,481
"24661551",44000,15,68,524
"24663250",40000,65,64,1072
"24663340",,,,0
"24660444",52800,10,73,510
"24660476",62000,0,67,511
"24660445",56000,5,74,645
"24660479",56800,10,68,682
"24660478",66000,5,71,732
"24660480",54400,10,69,509
"24660466",67000,5,78,472
"24660467",71000,0,74,435
"24660475",64500,0,70,496
"24660446",59200,5,74,310
"24660447",63600,0,77,393
"24660468",66000,5,73,651
"24660474",64500,0,76,621
"24660465",69000,5,74,520
"24662610",55600,0,81,608
"24662609",,,80,247
"24662608",59600,10,81,553
"24662607",42400,35,73,395
"24662611",49600,45,71,862
"24662606",71000,5,79,607
"24660469",62800,10,77,475
"24660473",44000,50,71,661
"24660464",60400,5,76,552
"24660470",63200,5,79,618
"24660472",59600,5,73,621
"24660463",61200,10,80,704
"24660471",60400,5,77,548
"24660454",55600,5,80,494
"24660492",60800,10,72,672
"24660462",70500,5,74,546
"24660455",56400,0,80,419
"24660460",61600,10,74,663
"24660461",63600,5,72,593
"24661532",117000,10,63,572
"24661571",144000,0,58,478
"24661531",39600,10,70,563
"24661533",42000,20,66,865
"24661570",168000,0,61,386
"24661569",180000,5,61,446
"24661568",168000,5,61,444
"24662605",57200,10,74,663
"24662604",63600,0,76,422
"24660430",58800,5,73,471
"24660429",55600,10,75,549
"24662981",44800,10,73,478
"24662982",47200,5,81,411
"24660456",46400,15,73,747
"24660459",44000,5,78,707
"24660457",46000,5,75,532
"24660458",50800,10,75,610
"24662980",44000,45,60,704
"24662621",58000,10,75,730
"24662622",43600,5,77,506
"24662624",49600,5,70,499
"24662623",46800,15,69,848
"24662627",56800,5,70,443
"24662625",40800,5,75,551
"24662603",64000,10,67,1140
"24662594",80000,0,59,394
"24662595",36000,30,7,486
"24662592",74000,0,66,432
"24662619",48400,5,65,743
"24662601",56000,15,43,1109
"24662620",42800,15,70,435
"24662600",77000,5,74,605
"24662602",76000,0,63,630
"24662599",62000,0,74,602
"24662598",57200,10,69,492
"24663251",55600,45,62,854
"24662628",53200,5,69,701
"24662629",54000,10,62,620
"24660347",58000,10,68,537
"24662630",59200,0,64,430
"24662637",64500,5,65,441
"24660346",56400,15,70,770
"24662631",58000,10,62,628
"24662636",62000,0,65,417
"24660356",48400,10,65,506
"24660354",62800,15,62,681
"24660348",53600,5,70,333
"24660349",32400,50,56,465
"24660350",50000,10,65,616
"24660351",64500,0,66,531
"24662635",63200,5,66,413
"24660345",56000,0,65,680
"24662632",52800,10,69,743
"24662634",52400,5,70,393
"24660352",60400,5,71,498
"24662633",46000,20,64,781
"24662972",55200,5,63,493
"24660343",56000,10,68,528
"24660344",54400,5,66,514
"24660342",44400,10,66,613
"24660341",50000,5,64,420
"24660340",63600,0,61,253
"24660339",60000,5,68,585
"24660338",50000,10,66,805
"24660412",50800,10,65,783
"24662973",58800,5,62,560
"24660409",47600,5,70,578
"24660411",50800,5,67,494
"24660408",52800,20,66,577
"24660330",54400,5,65,616
"24660331",42000,15,65,567
"24660329",60000,0,62,567
"24660337",52000,10,71,695
"24662730",65000,5,65,537
"24660332",43200,10,65,521
"24660333",42000,15,62,487
"24660336",40000,10,68,570
"24660334",50800,10,65,630
"24660335",50800,15,69,742
"24662727",56400,10,67,751
"24662731",60800,0,63,303
"24660328",58800,10,63,648
"24660327",56400,0,59,591
"24662733",62800,5,61,821
"24660326",66000,5,61,411
"24660325",65500,5,62,510
"24662732",77500,0,65,325
"24662725",52000,10,69,620
"24661352",65500,30,62,673
"24661362",72500,5,65,801
"24661530",39200,5,77,511
"24661529",40400,15,67,398
"24661528",34400,10,75,492
"24661519",64000,5,86,656
"24661521",71000,20,74,2664
"24661518",58400,5,81,601
"24661509",55200,0,80,580
"24661508",65500,5,70,432
"24661510",67000,5,80,463
"24661507",69000,0,78,535
"24661506",46400,15,72,677
"24661504",46000,10,82,582
"24661503",26400,70,63,460
"24660439",56400,0,87,346
"24660438",44000,10,83,406
"24661502",56000,5,77,473
"24661505",49600,0,80,420
"24660437",51200,5,69,323
"24661501",59600,10,81,520
"24660436",39200,50,65,468
"24660435",69000,10,71,623
"24660434",48800,45,65,626
"24660433",48000,15,79,614
"24660443",58800,0,78,494
"24660442",66500,0,71,552
"24660441",58800,5,75,278
"24660440",60800,0,85,288
"24660448",63600,5,86,416
"24660449",57600,5,78,347
"24660450",62000,5,78,514
"24660451",57200,0,77,595
"24660431",55600,5,74,466
"24660452",57200,5,76,476
"24660453",68000,5,78,645
"24661367",46800,20,70,962
"24661364",70500,0,61,787
"24661368",57200,5,63,737
"24661369",59200,10,64,575
"24661370",60000,0,75,614
"24661371",53600,0,78,527
"24661625",60400,10,82,574
"24661626",52400,5,82,684
"24661627",65000,5,79,878
"24661459",54400,5,77,331
"24661460",57600,5,80,297
"24661516",58800,5,82,506
"24661461",59200,5,83,568
"24661515",52800,5,79,428
"24661462",36000,50,65,444
"24663451",54400,10,79,424
"24661514",57600,5,79,461
"24661463",71000,0,82,764
"24663450",40000,10,87,457
"24661465",53200,5,79,340
"24661513",54400,0,82,507
"24661466",50400,0,84,493
"24661467",57600,0,63,669
"24661645",56800,5,78,606
"24661644",50400,5,79,434
"24661643",65500,0,74,425
"24661642",52000,10,74,452
"24661468",64500,0,78,596
"24661469",63200,5,79,444
"24661470",62800,5,77,340
"24661500",54000,15,76,500
"24661471",54400,0,77,416
"24661472",62800,5,77,352
"24661499",50800,5,77,557
"24661473",60000,10,72,336
"24661474",52400,0,73,354
"24660432",48400,5,74,570
"24661476",44800,5,73,313
"24661477",46800,15,77,739
"24661475",40000,0,76,327
"24661498",48800,5,74,326
"24661497",50000,5,70,333
"24660428",51600,10,70,701
"24661496",56000,10,76,350
"24660427",49600,5,73,445
"24661495",45600,10,70,397
"24660426",54800,5,74,484
"24661494",49600,20,72,683
"24660425",47600,5,75,489
"24661493",49200,10,73,708
"24660424",50400,5,68,475
"24660423",57200,10,72,423
"24660323",54000,10,64,616
"24660385",58000,5,62,663
"24661361",81000,5,58,663
"24661393",86000,0,53,387
"24661365",79000,0,54,638
"24661381",75500,5,56,643
"24661429",70000,5,71,492
"24661389",70000,0,64,383
"24661380",80000,5,72,418
"24661390",68500,5,63,445
"24661379",72000,5,73,494
"24661391",69000,0,61,484
"24661366",93000,0,48,775
"24661433",,,39,324
"24661378",68500,5,75,510
"24661392",71000,0,70,434
"24661377",51600,10,85,407
"24661372",69000,5,76,373
"24661434",59200,25,72,1085
"24661373",68000,0,73,394
"24661376",46800,15,82,532
"24661374",38800,5,81,295
"24661436",41200,60,69,621
"24661375",42800,45,66,952
"24661443",64500,5,77,607
"24661442",53200,10,85,1138
"24661628",54400,10,84,602
"24661458",52400,5,78,362
"24661457",52800,10,83,640
"24661444",50400,60,73,1428
"24661629",61600,0,68,620
"24661456",58400,5,82,596
"24661445",43600,10,84,437
"24661455",56400,0,79,377
"24661446",53200,10,78,602
"24661454",52000,5,80,585
"24661447",48000,35,69,944
"24661464",47200,55,65,661
"24661453",54000,15,77,787
"24661448",48800,10,86,433
"24661449",44800,5,79,472
"24661452",49600,25,68,413
"24661647",56400,10,80,894
"24661451",49600,0,85,379
"24661450",53600,5,75,402
"24661646",59200,5,78,403
"24662102",47200,0,89,268
"24661648",49200,5,75,411
"24661649",51200,0,78,381
"24662101",52400,0,71,389
"24661650",59600,5,72,434
"24661651",43600,10,76,488
"24661652",57600,5,73,539
"24662100",42800,10,76,386
"24661653",54800,5,76,617
"24661641",65500,0,63,844
"24662098",53600,5,70,354
"24661654",44800,20,75,767
"24661640",48400,5,67,820
"24661655",54800,0,72,380
"24661656",56400,5,78,337
"24661639",42800,10,68,827
"24661657",52000,5,78,422
"24661638",50800,0,70,367
"24661658",59600,5,68,630
"24661637",47200,5,71,279
"24661478",50400,5,73,406
"24661636",53600,15,71,522
"24661659",62000,5,70,511
"24661479",51600,10,74,660
"24661635",48800,5,71,522
"24661480",50000,5,76,561
"24661634",51600,0,80,345
"24661633",60400,15,70,719
"24661481",51200,10,72,585
"24661441",57200,10,77,1061
"24661827",67500,10,77,908
"24661966",70500,10,86,1277
"24661967",57200,5,79,1004
"24662033",55600,0,83,383
"24661970",49600,0,84,487
"24661968",45600,10,79,531
"24661969",50000,10,79,603
"24661971",49600,10,81,436
"24662099",60400,5,74,579
"24662097",55600,10,75,575
"24662096",53600,5,78,603
"24662095",62800,5,70,553
"24661826",61200,5,80,560
"24661825",56400,0,77,483
"24661824",78000,5,74,1025
"24661823",59600,5,82,535
"24661822",52400,5,85,549
"24661972",46400,5,83,722
"24661973",48400,5,75,505
"24661974",57200,5,73,498
"24661975",68500,0,74,539
"24661976",59200,10,74,545
"24661977",44000,0,74,412
"24661978",60400,5,75,559
"24661660",60000,5,73,580
"24661661",54800,10,70,430
"24661662",51200,5,72,440
"24661979",56800,10,70,612
"24661663",32000,55,46,563
"24661632",51200,10,72,628
"24661631",56000,10,64,717
"24661668",53600,10,72,587
"24661664",48400,10,70,662
"24661665",49200,15,69,512
"24661666",61200,5,69,744
"24661667",46800,5,66,459
"24661669",62400,5,65,498
"24660247",42400,10,70,654
"24660246",45200,20,68,814
"24660245",42800,10,69,542
"24661834",57200,5,84,535
"24661435",52000,5,81,657
"24661833",47200,40,80,598
"24661832",46000,5,80,572
"24661438",46400,5,86,631
"24661437",51200,15,84,887
"24661439",64500,0,84,430
"24661440",53600,5,84,550
"24662032",48400,10,78,621
"24661983",42400,10,76,636
"24661980",54000,15,73,539
"24662090",52800,5,73,663
"24661670",48400,10,71,746
"24661491",62400,5,68,655
"24661492",42400,10,74,433
"24660422",56000,5,70,561
"24660421",44400,10,72,592
"24660420",46000,10,70,450
"24660419",76000,5,64,452
"24661482",45600,5,77,748
"24661490",44400,10,73,571
"24661483",48000,10,74,533
"24661484",48400,10,68,612
"24661488",48400,5,68,452
"24661630",43600,40,56,809
"24661485",52800,5,68,400
"24660417",60800,5,65,440
"24662626",37600,25,72,632
"24661489",61200,5,70,613
"24660418",47200,0,73,292
"24660416",52800,10,66,394
"24660415",65500,10,64,642
"24660414",49200,15,69,590
"24660359",48000,5,57,577
"24660358",53600,5,68,582
"24660360",48400,5,74,443
"24661487",64500,10,61,597
"24660249",37600,20,73,618
"24660413",35600,50,49,696
"24660250",44800,10,74,521
"24661486",42800,5,74,510
"24660248",47600,5,73,607
"24660251",52800,5,71,540
"24660361",48400,10,71,557
"24660252",48000,10,71,608
"24660253",50800,10,66,497
"24660255",52800,10,67,635
"24660363",52800,5,69,662
"24660362",51200,10,69,649
"24660254",57600,10,76,837
"24660357",47200,15,69,448
"24660355",57600,10,68,535
"24662109",38800,20,70,581
"24662108",52800,15,73,696
"24660239",46400,15,70,822
"24663283",44800,5,69,651
"24660233",58400,5,69,1414
"24660353",40000,30,60,494
"24660365",45600,10,68,590
"24660367",51200,15,69,807
"24660368",59200,5,61,800
"24660371",52800,5,66,536
"24660372",49600,15,66,772
"24660370",49200,0,57,676
"24660396",56000,5,60,471
"24660373",52000,5,60,677
"24660410",52000,5,63,484
"24660374",56400,0,59,484
"24660376",59200,5,61,284
"24660369",53200,15,64,562
"24660395",59200,10,65,573
"24660378",54800,5,56,295
"24660379",63200,5,64,483
"24660377",60800,5,62,322
"24660375",65000,0,65,507
"24660407",64000,5,63,466
"24660406",59600,5,66,410
"24660380",56400,5,58,373
"24660404",77500,5,61,386
"24660405",57600,0,56,590
"24660382",58400,5,59,485
"24660324",65500,5,59,597
"24660403",57600,5,58,351
"24660381",54000,10,64,797
"24660383",63600,5,63,563
"24662110",44400,10,75,435
"24660244",51600,10,69,786
"24660243",45200,15,70,821
"24660242",51200,5,68,864
"24660364",56000,20,73,953
"24660256",49600,20,65,677
"24660257",48400,5,72,523
"24660258",57200,10,63,570
"24660366",58800,5,67,554
"24660259",64000,5,63,491
"24660260",48400,15,66,703
"24660262",49200,5,64,621
"24660263",61600,5,62,757
"24660241",55200,15,37,1165
"24660398",56800,15,35,1154
"24660397",56000,5,62,644
"24660393",53600,10,60,653
"24660394",60000,10,61,595
"24660392",66000,10,61,473
"24660269",56800,5,64,454
"24660268",59200,10,62,455
"24660270",50400,10,61,491
"24660391",60800,0,65,416
"24660271",62000,5,60,536
"24660390",60000,5,61,424
"24660273",56800,10,60,538
"24660272",65500,5,59,440
"24660389",48000,5,65,715
"24660274",64000,15,64,622
"24660261",58000,5,66,409
"24660264",52800,30,49,1085
"24660265",62000,5,62,404
"24660267",58000,10,61,549
"24660266",55600,0,58,530
"24660275",48000,25,29,1768
"24660218",56000,10,58,604
"24660276",58400,25,59,604
"24660215",64500,5,63,553
"24661424",63200,5,74,530
"24661427",63200,5,81,720
"24661425",60400,5,83,774
"24661426",49200,5,85,500
"24661839",63200,5,77,632
"24661837",67000,5,72,460
"24661835",46800,20,76,568
"24661840",72500,15,69,350
"24661907",72500,5,72,603
"24661831",72000,0,75,414
"24661906",61200,0,81,466
"24661900",62000,5,80,609
"24661905",63200,5,77,488
"24661830",70500,0,74,518
"24661904",62000,5,80,469
"24661901",80000,0,75,414
"24661903",42400,5,83,466
"24661841",49600,0,82,380
"24661883",41600,10,77,704
"24663334",,,,0
"24661899",48400,10,80,923
"24661882",50800,5,86,1161
"24661898",48800,5,78,509
"24661889",43600,25,75,1371
"24661897",55200,5,73,663
"24661881",60400,10,82,639
"24661896",46800,5,79,498
"24661890",64500,0,80,388
"24661913",64500,10,76,531
"24661902",62000,5,76,677
"24661829",38400,35,71,482
"24661828",59600,10,79,642
"24661908",70000,0,78,757
"24661909",56000,5,76,394
"24661910",71000,5,76,453
"24661911",60400,5,82,484
"24662029",48000,5,87,504
"24662031",59200,5,78,703
"24662030",49200,5,86,486
"24662027",53200,5,85,569
"24661816",62400,10,76,658
"24661815",62400,5,78,343
"24661817",60400,5,80,548
"24661820",65000,0,84,559
"24661818",36000,15,83,388
"24661819",60800,5,79,632
"24661821",58400,10,83,710
"24661814",59200,5,81,566
"24662028",48400,10,73,447
"24661986",48000,5,81,593
"24661985",31800,5,77,326
"24661987",49200,10,81,365
"24661984",50800,10,74,580
"24661988",60400,5,83,298
"24661989",56000,0,72,520
"24661982",52800,0,76,524
"24661990",45600,20,68,439
"24661981",52400,0,74,454
"24661991",49600,10,78,556
"24662094",61600,5,72,686
"24662093",58000,5,76,476
"24661992",44800,30,71,527
"24662092",52000,10,74,593
"24661994",48800,10,71,467
"24661995",46400,10,74,683
"24662091",52400,0,75,482
"24661996",58800,0,70,463
"24661997",52400,5,77,520
"24662089",33600,70,44,1275
"24662088",44800,30,63,693
"24662069",45600,5,79,418
"24662005",52800,5,71,469
"24662009",55200,10,73,483
"24662077",54400,5,77,479
"24661999",57600,5,69,567
"24662004",49600,10,71,550
"24662002",31200,25,69,573
"24662000",59600,5,68,453
"24662003",38000,20,68,279
"24662001",44800,10,78,562
"24662087",40000,10,58,723
"24663329",,,,0
"24662078",50800,15,72,579
"24663458",61200,10,51,1265
"24662081",44000,10,70,759
"24662082",37600,20,69,435
"24662083",37200,45,67,591
"24662084",54000,15,63,766
"24662085",59600,15,68,672
"24662086",46400,10,69,649
"24661680",45200,10,65,585
"24661681",44000,10,68,535
"24661683",46400,5,66,563
"24661686",51600,15,66,702
"24663457",63200,25,53,1506
"24663293",73000,20,40,1393
"24661687",62000,5,66,602
"24662106",56800,10,60,515
"24660121",63200,5,65,474
"24660123",57600,0,64,492
"24660122",61600,5,66,450
"24660124",66000,5,68,582
"24660125",52000,10,67,656
"24663220",75500,5,63,588
"24660126",60400,5,61,489
"24660127",39600,30,60,448
"24662079",56400,15,72,688
"24661672",44000,5,75,383
"24662080",47200,5,66,593
"24661673",53600,15,70,1050
"24661674",38000,45,60,598
"24661675",48000,10,65,297
"24661671",44800,10,74,416
"24660234",45600,5,68,584
"24661676",42800,10,73,470
"24660238",46400,5,72,465
"24661677",44800,5,73,411
"24660236",56400,10,67,791
"24661678",56800,5,65,442
"24661679",99000,5,57,312
"24660235",63200,20,64,807
"24660232",46000,20,67,934
"24661705",48400,10,54,660
"24660231",59600,10,62,802
"24660230",55200,15,62,512
"24661704",50400,10,65,649
"24661684",49600,10,63,657
"24661682",46800,15,65,590
"24661685",49200,15,71,822
"24661691",57600,5,66,575
"24661692",49200,15,67,737
"24661688",72000,0,61,457
"24661689",60400,5,62,433
"24661690",59200,5,48,491
"24661693",49600,5,64,480
"24661694",47600,5,34,470
"24661696",32000,25,28,604
"24661695",54400,5,65,331
"24661698",69000,10,59,564
"24661703",52800,20,47,726
"24661697",34800,30,70,1135
"24660229",63200,10,61,635
"24660228",55600,10,60,498
"24660226",70000,5,64,575
"24660227",63200,5,59,708
"24660225",57200,0,62,626
"24662024",43600,80,47,2628
"24661993",53200,5,77,595
"24662025",32400,15,73,601
"24662011",59600,10,70,757
"24662020",47600,10,77,428
"24662019",52000,0,80,392
"24662018",50400,5,80,382
"24662017",61600,10,77,410
"24662016",60400,5,71,608
"24662015",62000,0,77,370
"24662013",56800,10,71,511
"24663401",115000,5,68,1937
"24662012",45200,25,66,693
"24662021",51200,0,72,432
"24662022",55200,0,78,446
"24662014",47600,15,74,791
"24663397",58000,15,67,925
"24663398",133000,0,70,658
"24662073",56400,85,59,1347
"24662034",67000,0,69,304
"24663399",130000,0,71,596
"24662072",60800,0,72,581
"24662035",65500,10,69,543
"24662036",70500,0,73,482
"24662071",49600,10,69,585
"24662010",60800,10,73,522
"24662074",53200,10,68,667
"24662007",42800,10,75,541
"24662070",58000,15,66,888
"24662075",46000,10,73,448
"24662008",62000,10,73,550
"24662006",48000,10,70,585
"24662076",50800,5,75,638
"24661998",49600,5,74,683
"24661884",46400,0,78,526
"24661885",49200,5,84,728
"24661880",62000,10,83,502
"24663333",55200,10,84,741
"24661879",52000,15,80,929
"24661877",43600,10,81,420
"24661792",46800,5,81,615
"24661786",44000,20,84,522
"24663332",55600,10,82,623
"24661871",53200,20,84,1310
"24661869",43600,5,80,477
"24661886",40800,55,71,616
"24661872",,,86,179
"24661873",50800,0,74,624
"24661912",71000,0,86,519
"24661894",61600,0,49,520
"24661895",58400,10,83,694
"24661893",65500,0,79,313
"24661892",68500,5,79,519
"24661797",54400,5,70,350
"24661798",65000,5,79,583
"24661891",54800,0,85,297
"24661796",59600,5,77,477
"24661795",52000,5,88,765
"24661794",42400,5,88,409
"24661793",52000,5,80,426
"24661787",51600,5,86,552
"24663330",35600,85,53,1465
"24661799",28400,15,83,482
"24661806",69000,10,77,703
"24661805",66500,10,75,610
"24661800",35200,15,80,494
"24661791",54000,10,86,554
"24661804",39600,30,62,554
"24661807",66000,5,80,536
"24661801",62000,0,67,376
"24661785",52800,10,74,613
"24661790",37600,5,89,515
"24661788",42400,15,72,526
"24661784",49200,15,80,689
"24661789",50800,10,79,486
"24661783",50000,10,82,1001
"24661781",46800,15,86,674
"24661780",43200,10,83,496
"24661803",53200,0,78,427
"24661808",56400,10,81,424
"24661813",57600,0,80,414
"24661812",55600,5,83,459
"24661802",54800,5,78,701
"24661809",56000,15,81,522
"24661811",60400,5,81,493
"24662026",40800,10,77,812
"24661779",46000,5,81,605
"24661753",49600,15,82,463
"24661778",53600,20,66,1539
"24661754",56000,5,77,395
"24661810",66500,10,75,1104
"24661755",52000,5,80,447
"24661776",49200,5,79,428
"24661756",48400,5,77,374
"24661782",46800,15,78,646
"24663331",33600,45,71,623
"24661752",52000,5,82,753
"24661874",54400,5,81,736
"24661757",49600,15,82,787
"24663400",,,14,530
"24662038",54000,5,65,479
"24662039",68500,0,65,328
"24662037",52800,10,58,562
"24662040",45600,45,68,949
"24661777",48800,10,78,683
"24662050",67500,0,77,569
"24662051",36000,5,86,548
"24661775",52800,5,77,538
"24661774",44000,10,84,501
"24662049",43600,10,82,731
"24662048",39600,20,75,558
"24662047",44800,5,72,536
"24662044",48000,15,81,775
"24661773",46000,15,76,758
"24662046",53600,5,80,733
"24662045",60800,5,82,639
"24661772",48800,5,85,355
"24661771",51200,15,77,768
"24661770",53600,0,64,588
"24662041",45600,15,73,754
"24662052",46800,5,82,475
"24662043",34400,5,93,265
"24662042",50800,5,78,545
"24662053",51200,10,74,520
"24661769",59200,0,79,436
"24661768",58400,10,80,476
"24662067",,,,0
"24662054",60400,10,73,753
"24661709",50000,35,30,1310
"24662105",50800,15,67,596
"24662104",53200,10,61,579
"24660119",75500,0,65,268
"24660120",58000,5,69,530
"24663217",77000,0,60,504
"24663206",47200,10,80,589
"24663208",68500,10,73,655
"24663122",46400,10,75,726
"24663121",48800,5,74,537
"24663484",97000,10,73,1626
"24663077",72000,5,55,1015
"24663120",51600,0,74,531
"24663123",60400,20,57,738
"24663115",133000,5,63,501
"24663117",110000,5,59,494
"24663111",102000,0,63,617
"24663118",117000,5,75,1095
"24663119",,,4,365
"24663124",110000,0,63,478
"24663125",114000,5,62,473
"24663126",115000,0,76,588
"24663127",118000,0,76,447
"24661299",39200,0,93,564
"24661399",212000,5,58,426
"24663370",,,,21
"24661410",32800,5,91,481
"24661409",212000,5,60,515
"24661398",111000,0,61,461
"24661397",102000,0,59,398
"24661412",,,63,238
"24661396",82000,5,62,527
"24661411",192000,10,60,569
"24662113",202000,0,60,494
"24663362",73000,10,70,943
"24661413",151000,10,61,625
"24662112",66500,5,43,533
"24662111",83000,5,55,459
"24661414",61600,10,44,539
"24661415",72000,5,56,546
"24661416",67000,0,74,483
"24661417",63200,10,77,618
"24661419",42000,15,81,781
"24661418",69000,0,77,322
"24661961",59600,5,85,549
"24661959",50800,15,79,500
"24661960",49200,0,86,554
"24661958",44000,15,86,747
"24661357",72000,5,62,536
"24661395",107000,0,52,463
"24661385",145000,0,56,588
"24661386",100000,10,49,374
"24661432",71500,5,76,560
"24661384",87000,5,57,708
"24661383",54800,10,75,977
"24661356",83000,0,59,493
"24661358",79500,5,59,635
"24661359",82000,5,57,681
"24661394",71000,5,64,734
"24661360",78000,5,55,483
"24661431",60400,10,79,616
"24661387",101000,0,54,422
"24661430",75500,5,72,380
"24661382",66000,5,76,638
"24661388",85000,5,55,448
"24661851",51600,5,80,690
"24661852",48000,30,77,695
"24661942",,,66,294
"24663358",37200,20,78,1012
"24661945",37200,5,93,341
"24661286",32000,5,86,467
"24661278",23000,10,94,652
"24661946",48800,10,83,727
"24661285",28800,5,91,548
"24663459",37200,15,87,2031
"24661284",26000,0,94,260
"24661280",29200,5,89,723
"24663460",55600,30,87,2648
"24662114",55200,10,88,1325
"24661265",56000,5,83,561
"24662115",54000,60,78,1428
"24662116",33600,70,43,535
"24661260",42400,30,79,1647
"24661261",48800,10,84,916
"24661281",23400,65,79,768
"24661282",29400,5,92,458
"24661947",44800,5,86,438
"24661279",30200,5,89,367
"24661272",34800,35,73,858
"24663249",40800,15,75,722
"24661273",39600,5,79,653
"24661271",34400,10,85,633
"24661944",45200,25,66,677
"24661270",39600,5,79,624
"24661263",22800,60,52,301
"24661262",53600,15,72,867
"24661269",33600,15,81,492
"24661277",34000,5,83,580
"24661276",38400,5,81,673
"24661941",34800,10,87,530
"24661943",30800,10,88,549
"24661264",23800,110,60,781
"24663349",36000,5,86,589
"24661940",36000,10,84,665
"24663347",37600,5,94,535
"24663348",40800,5,80,477
"24663350",59600,5,82,424
"24663346",43600,10,81,620
"24661937",69000,5,75,789
"24661858",44000,10,86,1285
"24661948",65500,0,76,480
"24661859",37200,40,83,916
"24661857",56400,0,84,350
"24661936",50000,5,80,347
"24661860",41200,30,66,555
"24663344",30000,35,41,450
"24661856",57600,0,83,387
"24661855",55200,10,83,580
"24661849",52800,20,78,622
"24661854",34000,35,72,501
"24661850",36400,50,63,674
"24661420",62800,5,78,386
"24661962",41200,40,78,474
"24661421",68500,5,76,435
"24661955",58400,0,82,469
"24661957",61200,15,78,700
"24661422",64000,5,85,620
"24661963",52000,10,84,760
"24661954",54400,5,68,664
"24661956",63600,5,75,446
"24661949",65000,10,73,640
"24663345",46000,10,39,815
"24661950",54400,0,81,413
"24663342",43600,10,83,462
"24661847",54800,10,80,582
"24661848",48400,20,76,694
"24663341",47200,5,78,425
"24663343",65000,5,74,539
"24661428",62800,5,81,471
"24661423",49600,10,73,676
"24661964",56000,10,77,783
"24661953",60800,10,76,608
"24661965",48800,0,89,534
"24661838",73000,5,79,740
"24661836",72000,5,75,325
"24661846",58800,5,78,565
"24661844",49600,5,79,605
"24661845",73500,5,70,497
"24661843",43600,10,75,599
"24661842",48000,45,66,695
"24661853",50400,20,84,1046
"24661928",54000,10,85,746
"24661861",62400,20,85,675
"24661862",49600,5,85,408
"24661258",,,35,316
"24661259",25600,65,46,335
"24663113",120000,5,64,513
"24663116",105000,5,55,609
"24663114",125000,0,61,631
"24663112",114000,5,59,399
"24663092",114000,0,65,427
"24663429",114000,5,72,919
"24663090",117000,0,67,664
"24663091",116000,0,66,520
"24660738",36400,10,71,434
"24663471",40400,25,74,899
"24663470",35200,45,70,1373
"24661037",56000,10,56,439
"24661034",40800,35,60,590
"24661035",45600,10,74,455
"24661033",51200,5,72,373
"24661031",55600,5,75,352
"24663207",56400,10,72,901
"24663211",85000,0,66,366
"24663212",46000,40,78,1018
"24663213",78500,5,68,378
"24662148",53600,10,49,678
"24662151",44400,5,84,609
"24662149",99000,5,65,571
"24662147",75500,10,47,582
"24660642",96000,5,59,455
"24660643",67500,10,56,628
"24660645",65500,15,57,862
"24660762",54400,55,57,651
"24660722",62800,5,76,411
"24663287",99000,0,71,592
"24660644",93000,0,62,626
"24660719",126000,0,62,377
"24660646",65000,5,70,559
"24662150",87000,0,58,613
"24660717",118000,5,61,658
"24662145",59600,10,68,303
"24661062",58000,10,57,959
"24660716",116000,5,54,512
"24660715",157000,0,64,499
"24661068",95000,10,58,592
"24660649",93000,5,69,771
"24660718",114000,10,61,563
"24663286",63600,15,67,652
"24660650",70500,10,45,1144
"24663184",182000,5,65,396
"24663244",55600,15,71,1028
"24662157",48400,15,75,589
"24662165",51600,10,71,629
"24662156",57200,5,74,401
"24662155",46400,55,68,1057
"24662160",66500,5,73,811
"24662154",60800,10,73,887
"24662153",45200,0,85,711
"24662162",54800,5,75,453
"24662163",53600,10,83,1035
"24661051",45600,5,78,600
"24662152",59600,0,71,827
"24662167",48400,40,66,559
"24660724",36800,10,77,429
"24660723",47600,5,84,551
"24662164",25800,95,29,721
"24661032",48000,10,76,740
"24661047",56400,5,73,747
"24661048",61200,5,73,1443
"24663257",70500,40,53,968
"24662158",51200,15,73,651
"24660733",60000,5,69,531
"24662159",52800,10,72,678
"24660732",73000,5,73,309
"24660731",53200,0,73,335
"24660730",72500,5,72,517
"24660737",36000,15,76,631
"24660736",37600,20,77,825
"24660735",54000,15,70,584
"24660734",46400,10,72,513
"24660756",133000,0,58,486
"24660759",87000,10,61,734
"24660760",147000,0,65,491
"24660729",70000,5,72,320
"24662161",64000,5,76,672
"24660728",74000,5,66,592
"24660726",71500,0,68,467
"24660727",137000,5,63,681
"24660640",83000,10,60,427
"24660641",88000,10,66,563
"24660761",138000,0,64,528
"24660725",44400,10,77,619
"24663300",49600,15,65,772
"24663462",65000,10,65,736
"24660594",78500,10,63,595
"24660596",61200,5,68,569
"24660597",55200,5,68,419
"24663461",54400,25,70,1152
"24660607",59200,10,72,828
"24660598",74000,5,68,415
"24660599",82000,5,62,427
"24660600",40400,55,62,593
"24660601",45200,30,68,723
"24660602",59600,5,71,446
"24660548",49200,10,70,579
"24663497",53200,40,59,1474
"24660547",41200,10,54,625
"24661582",244000,0,66,435
"24661590",240000,0,63,476
"24661600",186000,0,61,514
"24661580",53200,10,55,603
"24661579",59200,10,55,773
"24661599",144000,0,60,522
"24661594",64500,10,61,663
"24661602",90000,5,64,570
"24661591",86000,5,62,615
"24661592",162000,5,67,573
"24661593",57600,5,66,426
"24661601",71500,15,67,818
"24661603",76500,10,67,368
"24661578",144000,0,60,534
"24660610",44800,10,80,542
"24660611",56000,25,76,1904
"24660686",55200,5,71,365
"24660685",56400,10,73,600
"24660684",66500,5,77,543
"24660669",58800,10,66,492
"24660670",54000,10,71,746
"24660671",57600,20,74,697
"24660682",,,63,245
"24660683",51200,10,80,395
"24661334",,,71,106
"24661333",48400,5,71,453
"24661332",67500,5,75,670
"24663273",46400,15,70,973
"24660680",61200,5,68,392
"24660679",50000,5,70,537
"24660678",60000,15,71,967
"24660681",62000,20,65,1023
"24660677",62000,5,71,522
"24661319",46000,15,68,475
"24660676",33600,10,74,472
"24663454",72000,10,72,1167
"24661329",42000,15,80,775
"24661330",42800,15,77,503
"24661331",44400,0,84,308
"24661318",45200,5,74,270
"24660609",47200,15,70,1015
"24661323",48800,10,69,716
"24661317",42000,5,77,488
"24661322",56400,10,67,470
"24661315",41200,15,68,630
"24661311",33600,10,81,456
"24661310",44400,5,75,333
"24661320",50000,25,71,670
"24661587",108000,5,60,617
"24661316",32400,15,78,924
"24661321",48400,10,70,457
"24661585",126000,5,63,568
"24661314",49600,10,72,735
"24661584",212000,5,59,409
"24661586",182000,0,60,502
"24661313",35200,10,73,594
"24661619",77000,5,48,1161
"24661583",144000,5,60,443
"24661589",139000,0,54,410
"24660616",53200,15,72,806
"24660614",48400,10,67,432
"24660617",36000,50,62,422
"24660615",50400,15,66,547
"24663455",55600,25,85,2704
"24660672",54000,5,69,430
"24660673",62400,0,66,399
"24661340",51600,15,67,796
"24663245",50000,15,63,991
"24661344",104000,0,58,379
"24661345",100000,5,60,309
"24661347",98000,0,44,316
"24661346",76000,5,57,743
"24661573",96000,5,67,1504
"24661351",80000,10,43,1732
"24661339",45200,10,78,980
"24661309",47600,5,50,392
"24661312",25200,70,60,460
"24661305",40000,10,72,424
"24661306",40800,5,74,427
"24661308",44800,15,74,801
"24663274",45600,10,74,685
"24661343",37600,20,75,1138
"24661405",62000,25,61,1295
"24661342",32000,5,76,466
"24661341",60400,0,74,294
"24661620",104000,10,61,917
"24661581",76500,5,60,561
"24661576",101000,5,56,611
"24661574",126000,0,64,521
"24661577",106000,5,60,630
"24660618",63600,5,70,597
"24660667",63200,10,74,514
"24660666",56800,15,75,765
"24660689",42800,10,79,826
"24660688",54400,5,79,740
"24660668",58000,15,75,433
"24660652",65000,5,64,627
"24660655",63200,0,76,472
"24660656",54000,5,76,672
"24660657",55600,10,71,723
"24663191",43200,10,81,528
"24663275",32000,70,55,1083
"24660690",52800,10,76,628
"24660691",61200,10,65,571
"24660692",44400,5,80,610
"24660693",47600,10,74,712
"24660698",,,84,247
"24660696",33600,5,80,482
"24660694",40000,10,84,590
"24660695",38800,15,79,921
"24661328",36400,10,71,803
"24661327",42400,10,77,505
"24661326",48800,0,77,305
"24661336",34400,5,89,657
"24661325",40400,5,81,353
"24661335",46400,10,68,528
"24661324",43200,10,73,459
"24663190",83000,10,65,672
"24663189",80000,5,61,444
"24663188",144000,0,64,436
"24663187",244000,0,57,369
"24663479",43200,15,69,773
"24660701",40000,10,64,485
"24660700",38800,10,63,456
"24660699",27800,45,71,488
"24661337",67500,5,67,521
"24660697",35200,0,86,731
"24661301",48000,5,81,642
"24661300",52400,5,70,364
"24661302",117000,0,61,593
"24661303",78000,5,70,579
"24661407",75500,5,49,820
"24661401",65000,10,46,442
"24661408",47600,10,65,536
"24661402",83000,20,46,1389
"24661348",72500,5,63,480
"24661349",160000,0,60,444
"24661400",180000,0,58,406
"24661350",141000,5,57,430
"24661355",93000,5,68,609
"24661338",42800,5,74,553
"24661304",54800,10,74,262
"24663481",44400,30,68,1670
"24663482",41200,25,77,1053
"24663483",43200,10,73,465
"24663372",40400,10,76,388
"24663371",50000,5,77,711
"24663364",118000,5,57,714
"24663363",67000,20,72,1298
"24661063",43200,15,64,554
"24663185",206000,0,61,644
"24663186",172000,0,61,452
"24660713",282000,0,69,503
"24660714",266000,5,60,446
"24661069",92000,10,61,641
"24661067",92000,0,56,417
"24661066",64500,0,67,449
"24661070",147000,5,60,583
"24660712",264000,0,69,466
"24661071",92000,5,66,421
"24661073",121000,10,52,465
"24660711",246000,15,62,625
"24661072",208000,5,61,537
"24663214",54800,5,76,501
"24660654",192000,0,59,412
"24660710",284000,0,65,533
"24663480",49200,15,70,897
"24663411",99000,5,71,395
"24663409",95000,5,69,930
"24663069",74000,15,65,928
"24663067",69500,5,59,528
"24663064",58000,5,64,483
"24663068",98000,5,65,1237
"24663070",87000,5,60,460
"24663071",99000,0,63,385
"24663072",113000,0,65,471
"24663076",110000,0,69,634
"24663074",116000,0,70,1076
"24663175",103000,5,60,498
"24663083",86000,0,64,351
"24662329",76500,0,70,471
"24663084",59600,5,63,512
"24662330",84000,0,66,427
"24663086",68500,10,70,653
"24662331",96000,0,74,612
"24663408",64500,0,71,276
"24663085",77500,0,68,590
"24662333",53600,10,66,619
"24662332",54400,20,67,1117
"24662334",78500,5,68,655
"24662342",104000,5,67,506
"24663054",79500,5,64,646
"24663055",94000,0,65,592
"24663060",109000,0,66,458
"24663059",107000,5,68,511
"24663056",116000,5,72,540
"24663058",134000,0,72,1148
"24663057",121000,0,63,1598
"24663075",94000,0,66,530
"24663021",92000,0,64,436
"24662341",103000,0,70,782
"24662340",110000,0,73,409
"24662335",54800,10,60,531
"24662336",45600,5,73,848
"24663043",86000,0,68,388
"24662339",78000,5,61,507
"24662338",62000,5,64,414
"24662337",43600,5,73,398
"24663046",46000,15,54,652
"24663044",86000,0,67,447
"24663047",50800,5,70,518
"24663045",54000,15,55,451
"24663048",56800,5,40,1022
"24663065",58400,5,67,455
"24663066",,,66,249
"24663063",90000,0,66,428
"24663062",83000,5,64,488
"24663061",94000,0,60,508
"24663073",104000,0,66,563
"24663106",144000,5,59,572
"24662311",127000,5,58,523
"24662312",127000,5,65,451
"24662308",109000,0,58,466
"24662310",117000,5,61,425
"24662309",103000,5,60,449
"24662306",112000,0,61,401
"24663105",124000,0,65,620
"24663104",105000,0,61,435
"24662313",115000,5,59,623
"24662314",78000,5,64,497
"24663100",102000,0,72,528
"24663101",130000,5,62,423
"24662315",110000,5,61,557
"24662316",119000,5,62,365
"24663102",146000,0,67,535
"24663097",145000,5,61,602
"24662317",130000,0,61,525
"24662296",115000,5,66,449
"24662318",116000,0,62,431
"24662295",122000,0,66,349
"24662294",127000,0,65,461
"24662319",108000,0,65,464
"24662290",117000,0,66,624
"24662285",,,33,335
"24662291",64000,10,54,720
"24662293",109000,5,60,585
"24662320",106000,0,65,618
"24663129",75500,0,53,739
"24662307",110000,5,58,402
"24662297",102000,0,65,465
"24662300",77000,5,61,506
"24662299",58800,0,62,548
"24662305",88000,5,64,578
"24662301",102000,0,62,623
"24662298",99000,5,62,526
"24662303",134000,0,63,562
"24662302",114000,0,59,424
"24662304",112000,0,57,467
"24662283",106000,0,63,432
"24662284",109000,0,62,675
"24662292",110000,0,61,559
"24663128",54000,10,59,459
"24663130",71000,5,63,456
"24662280",90000,0,60,529
"24663132",112000,5,57,575
"24663131",44800,30,38,592
"24663133",115000,5,63,408
"24663134",104000,5,63,705
"24662282",65000,5,67,465
"24662281",118000,0,63,451
"24663182",35200,85,34,1015
"24663095",123000,0,71,1155
"24663107",156000,10,57,653
"24663108",114000,0,64,510
"24663109",108000,5,63,552
"24663103",86000,5,58,528
"24663110",103000,0,64,683
"24663099",156000,10,73,1115
"24663098",162000,0,71,258
"24663096",110000,0,67,837
"24663430",146000,5,80,681
"24663094",158000,5,74,541
"24662905",56400,10,71,773
"24660401",98000,10,65,508
"24660278",86000,5,64,535
"24660280",100000,0,64,451
"24660387",101000,5,63,420
"24660279",90000,0,58,364
"24660283",54400,5,62,431
"24660399",93000,0,63,449
"24660281",68000,5,56,599
"24660288",56800,10,57,634
"24660285",63600,10,63,752
"24660282",63600,0,57,543
"24660400",95000,5,59,583
"24660284",54800,10,63,668
"24660305",58000,0,60,444
"24660306",56000,5,58,602
"24660311",60800,10,63,941
"24660307",60800,5,60,511
"24660303",58000,10,59,614
"24660309",83000,0,63,485
"24662964",50800,10,64,456
"24660310",62400,0,62,600
"24660308",58400,5,61,371
"24660304",56800,10,57,428
"24662970",54400,10,59,532
"24660302",60000,30,73,861
"24662969",59200,5,59,732
"24660301",90000,5,63,1468
"24662762",53600,10,63,593
"24660132",64000,10,63,541
"24660212",57600,0,63,552
"24660210",58400,5,57,706
"24660141",71500,0,67,520
"24660142",54400,0,58,488
"24660140",50800,10,64,691
"24660213",54000,10,59,587
"24660134",50800,10,67,553
"24660209",60400,5,55,366
"24660135",63200,10,62,492
"24660136",49600,5,54,287
"24660207",52400,5,58,370
"24660137",54000,15,66,504
"24660208",58800,5,59,342
"24660138",50400,45,36,1806
"24660291",40800,15,61,399
"24660139",53200,5,58,385
"24660144",60800,5,64,1355
"24660206",38400,15,55,474
"24660205",49600,35,26,1753
"24660178",110000,5,68,502
"24660179",79000,5,62,463
"24660180",77000,5,63,584
"24660181",32000,85,51,937
"24660202",53200,10,64,497
"24660182",46000,5,69,696
"24660214",50800,5,62,512
"24660289",38400,110,53,1071
"24660287",66000,5,57,489
"24660286",60400,0,60,633
"24660290",56800,5,65,698
"24660292",45600,10,68,714
"24660293",57600,15,45,568
"24660295",62000,10,65,622
"24660294",60400,5,58,417
"24660300",51600,10,60,652
"24660296",63200,10,61,724
"24662961",46800,25,58,730
"24660203",49200,25,53,1303
"24663298",61200,5,62,1041
"24662958",54800,5,67,678
"24660201",56800,5,63,536
"24663282",,,33,514
"24662845",69500,10,58,420
"24662841",79500,10,67,737
"24662844",66500,10,58,364
"24662826",54000,10,67,617
"24662827",57600,10,68,923
"24662828",77000,10,56,367
"24660199",96000,0,61,462
"24660299",53200,10,55,802
"24660298",106000,5,64,279
"24660297",90000,5,66,421
"24662850",65500,15,62,517
"24662851",78500,10,74,635
"24660183",51600,10,65,525
"24660198",88000,0,64,572
"24660185",78500,5,61,334
"24660186",68000,5,64,845
"24660187",66000,0,63,537
"24660197",74000,5,65,568
"24660188",72000,0,66,640
"24660189",58000,5,69,544
"24660191",52000,0,62,497
"24660196",52800,15,64,452
"24660192",57200,5,63,611
"24660194",64500,0,65,360
"24660193",48400,10,66,426
"24660200",81000,0,60,477
"24662849",64500,0,60,922
"24662904",100000,5,68,688
"24660195",83000,5,67,614
"24662853",48400,5,62,393
"24662855",60800,0,64,423
"24662839",97000,10,66,1435
"24662840",53600,0,63,570
"24662836",47600,5,65,464
"24662834",45600,20,69,650
"24662838",82000,5,64,386
"24662837",56400,10,64,428
"24662842",59200,5,59,725
"24662843",77500,5,61,512
"24662835",82000,5,67,398
"24662832",95000,0,67,447
"24662833",79500,0,62,469
"24662831",94000,5,69,426
"24662829",56000,10,65,486
"24662852",73000,0,62,469
"24662877",81000,0,58,395
"24663477",58400,20,46,1170
"24660102",73000,0,71,512
"24660150",52000,5,71,556
"24660152",72000,5,34,886
"24660153",49600,10,70,432
"24660154",62000,10,64,491
"24660175",58800,5,70,600
"24660157",62400,5,63,613
"24660159",61600,10,63,635
"24662909",86000,20,61,5132
"24663216",44800,5,73,782
"24660148",50800,5,61,587
"24660145",81000,10,61,471
"24660143",69000,0,60,367
"24660146",60000,5,64,556
"24660147",43200,5,63,629
"24660149",71000,10,52,1132
"24660204",59200,0,66,479
"24660176",84000,10,64,779
"24660177",107000,0,65,380
"24660169",88000,5,65,533
"24660168",103000,0,52,401
"24660174",64000,5,63,676
"24660167",42400,15,65,783
"24660171",71500,5,63,640
"24660184",54800,5,64,396
"24660170",73000,0,63,475
"24660166",77000,5,60,572
"24660173",66000,5,66,483
"24660172",39600,5,72,447
"24660165",68500,10,63,1000
"24660164",58400,10,63,615
"24660163",60800,30,63,1120
"24660161",70500,5,67,360
"24660190",69000,0,66,754
"24660160",83000,0,64,399
"24660162",62800,0,57,471
"24662908",62800,0,60,477
"24662907",65000,5,66,586
"24662906",74500,25,58,835
"24661234",77500,5,51,391
"24661231",170000,0,71,352
"24661229",57600,10,68,1234
"24661218",57600,5,83,445
"24661219",58400,5,75,359
"24661220",54400,10,74,381
"24661222",58800,20,59,1066
"24661148",37200,20,69,594
"24661223",42400,20,64,1018
"24661237",,,50,90
"24661228",91000,5,63,502
"24661226",81000,5,61,854
"24661225",78500,0,59,288
"24661227",110000,10,67,1520
"24663254",86000,15,33,1526
"24661224",78500,20,59,1286
"24661241",105000,5,55,686
"24661240",82000,15,67,3198
"24661221",57200,10,77,455
"24661149",47200,10,78,563
"24661147",46800,10,84,622
"24661041",58000,5,69,542
"24661042",52400,5,75,569
"24661030",49200,10,72,854
"24661028",60000,5,72,480
"24662168",46800,10,81,592
"24661050",56800,5,82,536
"24661049",48400,10,72,405
"24661054",70500,10,75,873
"24661052",61200,5,81,492
"24661053",56400,5,80,500
"24663289",56400,10,81,674
"24661058",50800,20,84,662
"24661029",64000,5,71,422
"24661026",53200,10,73,695
"24661027",47600,10,63,535
"24661025",51600,10,71,497
"24661055",72000,10,77,1282
"24661187",60800,5,80,584
"24663290",51600,55,55,877
"24661184",53200,5,79,550
"24661185",52400,10,79,551
"24661183",50000,40,75,778
"24661178",52400,5,80,347
"24661179",57200,10,76,1003
"24661180",35600,30,75,704
"24661181",48800,20,72,607
"24661182",60800,10,74,497
"24662128",63200,5,79,981
"24662125",46800,15,79,682
"24661143",50400,5,84,500
"24661141",56800,5,80,518
"24661155",51200,5,81,482
"24661153",47600,10,80,503
"24661154",48000,5,80,417
"24661152",53600,5,80,511
"24661151",54800,0,78,366
"24661150",49600,10,86,691
"24662126",66000,5,79,541
"24661144",52800,10,76,777
"24661139",59600,5,63,719
"24661146",56000,15,79,611
"24661145",53600,5,77,312
"24661138",69000,5,74,449
"24661140",56800,5,81,529
"24661136",61600,10,61,569
"24661142",56400,5,83,462
"24661135",61200,35,68,768
"24661134",55200,5,77,507
"24662127",41600,65,69,684
"24661248",42400,5,80,346
"24661137",51200,0,79,677
"24661133",59200,0,76,395
"24661132",61200,10,71,502
"24661131",54800,5,72,503
"24661130",58400,5,82,505
"24661249",68000,5,74,556
"24661242",58800,5,73,684
"24661059",44800,10,90,400
"24662131",52400,5,78,556
"24662132",53200,5,79,595
"24662133",61200,5,72,525
"24662130",46400,10,82,462
"24662136",62400,15,87,1857
"24661060",54000,15,79,634
"24662134",35200,20,58,485
"24662135",75000,0,88,469
"24661118",51200,5,67,502
"24661119",76000,15,69,842
"24661120",97000,0,67,850
"24661129",58000,15,80,695
"24662129",54800,20,79,592
"24661125",54800,25,68,1028
"24661250",60400,5,73,663
"24661128",49600,5,74,594
"24661127",62800,5,74,702
"24661243",28000,70,63,616
"24661247",51600,15,72,407
"24661244",65000,10,71,528
"24661246",72000,15,72,566
"24661245",71000,5,69,487
"24661251",48800,10,73,597
"24661126",53600,5,77,704
"24663365",70000,15,52,884
"24661099",68000,5,62,394
"24663246",52800,20,73,1594
"24661102",94000,30,44,915
"24661093",40000,10,79,419
"24661103",40400,10,72,576
"24661080",30000,5,89,1305
"24661094",30200,10,89,807
"24663243",32800,20,82,1022
"24663242",32800,25,86,1674
"24663258",75000,25,33,1027
"24662144",90000,15,33,782
"24662143",79000,5,62,388
"24661087",30000,5,88,585
"24661104",34000,25,82,1572
"24661086",,,94,160
"24661105",34000,5,89,377
"24661106",28600,35,90,5477
"24663453",71500,10,76,642
"24663452",55200,20,87,2390
"24663444",81000,15,63,1085
"24663488",63200,5,93,1362
"24663489",66000,5,91,1451
"24661117",26200,75,47,521
"24662137",67000,0,92,313
"24661116",54800,5,75,573
"24662138",73500,10,70,667
"24661114",67000,15,70,616
"24663436",50400,20,75,650
"24663438",38400,55,80,1534
"24662142",47200,50,50,795
"24662141",28400,15,78,542
"24663369",43600,15,78,737
"24662140",31800,20,75,1102
"24663441",,,,0
"24661121",72500,5,73,655
"24661122",35200,40,68,585
"24661252",58000,80,70,1339
"24661123",39200,30,65,544
"24661124",69500,25,78,2375
"24661110",70000,5,47,549
"24663434",38800,10,67,643
"24661111",44000,15,76,579
"24661109",48400,10,75,557
"24663445",70000,35,86,4206
"24661113",53600,10,70,679
"24663437",41600,35,80,1672
"24661108",76000,0,73,446
"24663368",38000,20,80,1534
"24661083",42800,5,83,451
"24663367",30200,5,90,668
"24661084",41600,5,89,608
"24661082",34800,10,87,793
"24663366",41600,10,85,690
"24661081",34400,10,87,576
"24663486",64000,10,90,2281
"24663490",68000,0,92,2081
"24663491",72500,0,91,1014
"24663439",123000,10,43,559
"24663335",,,,0
"24663493",69000,5,91,485
"24663492",76500,5,86,1001
"24663292",58000,0,70,843
"24661727",54800,0,72,443
"24661725",56800,0,73,323
"24660093",61200,0,73,612
"24660095",52000,10,67,536
"24660092",43200,5,72,375
"24663227",52400,5,66,593
"24660058",41200,25,51,418
"24663236",54400,10,71,502
"24660057",62400,0,69,955
"24660128",58000,5,65,476
"24663219",68000,5,64,596
"24660129",61600,10,59,514
"24663222",64500,5,64,319
"24663221",60000,0,64,428
"24661699",62000,5,62,714
"24661700",46400,15,58,638
"24661701",77000,10,59,475
"24660131",57200,5,65,593
"24661702",60800,5,61,500
"24660133",62000,10,65,622
"24663223",66000,5,66,637
"24660130",67500,10,59,560
"24661916",44800,15,83,653
"24661751",49200,5,86,274
"24661917",52800,20,80,743
"24661749",46800,5,80,495
"24661750",42000,25,75,512
"24661747",49200,5,85,469
"24661748",57200,15,81,990
"24661745",58800,0,85,456
"24661746",48000,10,81,768
"24661744",54400,5,80,630
"24661763",54800,15,77,988
"24661758",49600,5,83,468
"24661759",48000,10,79,476
"24661762",50800,15,78,562
"24661741",51200,10,76,604
"24661760",42400,5,82,417
"24661761",56000,15,80,769
"24661740",52000,5,77,448
"24661918",49200,15,78,602
"24661919",40400,35,71,802
"24661743",46400,25,77,502
"24661742",47600,10,80,509
"24661920",41600,25,72,445
"24661739",51200,5,85,585
"24661738",35200,70,64,676
"24661921",48800,5,79,376
"24661737",46000,5,78,454
"24661736",50000,5,79,506
"24661922",45200,5,77,438
"24661735",51600,10,78,539
"24661728",48000,10,81,825
"24661734",51600,5,75,573
"24661733",47600,10,73,448
"24661732",44800,5,76,411
"24662064",55600,5,76,672
"24663326",59600,5,76,444
"24661731",68500,5,76,515
"24663327",44400,15,79,625
"24663325",52000,0,84,526
"24663328",57600,15,78,800
"24663324",29000,50,63,390
"24661730",51200,10,76,448
"24663323",57600,0,78,383
"24663322",60800,10,78,921
"24661729",,,44,271
"24661720",56000,10,75,710
"24661718",49600,10,71,439
"24661723",52800,10,75,645
"24661764",54800,5,65,416
"24661765",48000,50,76,857
"24661766",59200,5,78,823
"24661767",60000,20,82,1316
"24662065",41600,15,77,592
"24662066",60800,20,80,1123
"24662055",38800,65,73,972
"24662058",72000,10,75,1072
"24662056",46000,10,81,818
"24662057",42800,5,68,501
"24661719",57600,5,74,609
"24661711",56800,10,71,549
"24660104",57200,5,74,640
"24661721",59200,5,68,489
"24661717",55600,5,69,415
"24661716",58000,15,79,683
"24661714",48800,5,73,528
"24661715",41600,10,67,705
"24661726",60000,5,67,424
"24660109",41200,15,63,614
"24660107",46400,0,65,512
"24660108",37200,20,58,747
"24663318",42800,15,60,466
"24663319",47600,15,67,536
"24663317",54400,5,61,449
"24663315",73000,5,68,658
"24663316",41200,35,63,597
"24663478",86000,10,60,1429
"24660094",65500,5,64,577
"24660096",64500,5,70,541
"24660103",50000,5,63,391
"24660097",53600,5,68,515
"24660090",49600,20,65,1068
"24660089",71000,5,69,390
"24660091",60400,5,74,606
"24660098",62000,0,65,490
"24660099",40800,50,66,727
"24660088",61600,0,62,470
"24660101",69000,5,63,464
"24660087",47600,10,67,828
"24660086",48000,10,70,384
"24660100",42000,5,74,479
"24660085",48800,10,71,590
"24660079",61600,5,71,474
"24663228",45200,10,64,621
"24660083",54000,0,68,471
"24663229",51600,5,67,433
"24660151",60000,5,62,427
"24660084",58400,0,62,467
"24660080",57200,5,68,636
"24660077",61200,10,60,459
"24660078",62400,10,68,530
"24660082",52800,5,71,676
"24660081",58400,5,64,700
"24660075",51200,5,64,469
"24660076",51200,10,65,493
"24663232",46800,10,70,568
"24663230",49600,0,70,483
"24663239",51600,5,65,716
"24663231",52000,0,69,646
"24660074",54000,5,74,449
"24663238",57600,5,66,446
"24660155",59600,10,66,623
"24660073",51200,10,66,460
"24663233",58400,5,64,482
"24660071",58800,0,64,540
"24660072",51600,10,68,594
"24663235",53200,30,66,1461
"24663234",56400,10,62,575
"24660070",54400,5,66,486
"24663237",57200,5,70,417
"24660065",51200,5,65,590
"24660156",36000,40,54,840
"24660158",58400,0,66,558
"24662910",45200,5,68,602
"24660069",45200,5,67,636
"24660061",55200,0,78,603
"24660062",52800,0,70,495
"24660066",62800,0,62,518
"24660063",42000,15,65,695
"24660064",54800,5,68,670
"24660067",56800,5,66,541
"24660068",68000,5,65,508
"24661710",58400,0,71,596
"24661713",58800,10,72,559
"24661712",59600,0,65,375
"24662103",50800,5,69,485
"24663241",32400,55,57,1100
"24660112",61200,5,67,422
"24660111",48800,0,69,358
"24660114",46800,10,72,654
"24660115",53600,5,65,412
"24660110",57200,5,67,647
"24660118",62800,5,63,580
"24660117",48400,10,64,539
"24663218",68000,0,56,668
"24663320",53200,5,73,589
"24663321",71500,10,67,545
"24660046",52800,10,64,426
"24660044",67000,5,44,377
"24660059",29800,70,52,554
"24660048",50000,5,70,473
"24660047",54000,0,53,391
"24660041",43600,10,65,602
"24660060",63600,5,69,566
"24660056",67000,5,70,583
"24660055",47600,5,74,601
"24660054",58400,0,68,498
"24660053",52800,5,69,442
"24660052",59200,10,64,531
"24662915",48800,5,65,459
"24662912",55600,5,65,458
"24660051",68500,5,68,390
"24660050",53600,5,68,586
"24662914",62000,5,70,558
"24662913",71000,0,65,347
"24660049",50400,35,60,514
"24662916",57200,5,66,710
"24662957",64000,5,67,459
"24662911",82000,0,70,611
"24662956",72500,0,66,354
"24662955",70000,5,65,438
"24662918",55200,5,66,629
"24662917",73500,5,63,492
"24662919",79000,0,65,445
"24660040",69500,5,64,480
"24662954",79500,0,63,443
"24660039",48400,5,71,494
"24662923",87000,0,64,419
"24662952",77500,5,58,527
"24662953",89000,0,59,406
"24660038",46400,5,66,568
"24662921",90000,0,49,597
"24662922",53600,10,61,589
"24662903",58400,15,58,650
"24662900",75500,10,64,534
"24662899",92000,0,68,524
"24662942",90000,5,80,1469
"24662920",52400,5,66,433
"24662233",56000,10,77,1644
"24662238",57200,10,60,872
"24662237",56400,10,66,439
"24662236",95000,10,65,892
"24662235",35600,10,78,345
"24662232",66500,5,65,533
"24662234",40400,10,75,507
"24662432",79000,0,69,533
"24662224",107000,0,62,422
"24662218",45600,15,73,535
"24662225",120000,0,66,439
"24662223",104000,0,60,477
"24662222",111000,0,64,594
"24662230",114000,5,60,552
"24662220",50800,10,65,698
"24662219",60800,5,65,404
"24662229",110000,0,64,588
"24662211",62800,10,64,532
"24662210",66000,0,67,437
"24662212",50000,5,63,437
"24662213",79000,5,63,416
"24662216",60400,15,28,1393
"24662214",36800,15,63,592
"24662215",35200,35,68,823
"24662217",43200,40,40,1195
"24662193",61200,10,64,1048
"24663465",65000,15,76,984
"24663466",69500,10,72,1086
"24662197",57600,0,66,592
"24662196",50000,0,69,483
"24662192",58400,10,72,539
"24662195",57600,0,64,523
"24662187",57600,10,59,685
"24663394",,,42,330
"24663393",49600,5,72,381
"24663391",48800,10,69,512
"24663147",49200,5,73,580
"24663392",48000,15,69,516
"24662231",118000,0,65,396
"24663260",89000,15,68,1783
"24662227",118000,0,63,565
"24662226",110000,5,64,613
"24662228",109000,0,67,690
"24662221",88000,5,66,645
"24662209",46400,15,65,751
"24663386",55600,15,68,712
"24663146",56400,10,68,551
"24663145",56000,5,72,639
"24663143",40800,5,61,472
"24663144",45200,10,51,898
"24663387",49200,5,69,558
"24663149",47200,10,65,298
"24663150",52000,10,67,508
"24663142",31800,20,68,774
"24662198",64000,10,67,614
"24662200",46400,10,68,456
"24662204",48400,10,68,618
"24662201",43600,5,75,580
"24662199",44000,15,70,593
"24662203",41200,35,56,909
"24662202",48400,5,66,534
"24662206",98000,0,71,423
"24662205",77000,5,71,939
"24663388",52800,5,70,544
"24663473",76000,5,66,1087
"24662726",58800,10,67,454
"24662724",56000,5,63,481
"24662723",43200,20,63,623
"24662806",57600,10,60,512
"24662736",59600,10,64,700
"24662734",62800,0,58,596
"24662735",56800,0,63,340
"24662737",58400,5,68,493
"24663472",119000,5,68,1105
"24662804",52800,10,65,586
"24662738",56400,5,64,667
"24662739",62000,5,64,624
"24662968",42000,15,69,768
"24662802",65500,10,63,473
"24662740",52000,10,64,743
"24662741",54400,10,66,498
"24662803",47200,5,72,252
"24662744",66500,15,69,781
"24662742",62800,15,64,559
"24662743",45600,10,65,535
"24662790",62000,0,64,554
"24662967",62000,10,62,665
"24662966",35600,30,70,570
"24662745",59200,10,67,770
"24662746",42000,20,69,604
"24662747",33200,30,67,923
"24662791",66500,5,64,783
"24662748",67500,0,66,442
"24662789",92000,5,62,612
"24662788",55600,10,60,485
"24662787",73500,0,65,528
"24662786",96000,0,68,552
"24662962",58800,5,60,414
"24662749",60400,10,65,766
"24662965",37200,30,64,650
"24662751",65000,5,65,468
"24662750",64500,5,63,494
"24662752",59200,10,60,414
"24662753",62000,5,64,494
"24662754",58000,10,63,456
"24660277",61200,5,62,509
"24660322",61200,5,61,695
"24660320",62000,0,62,586
"24660321",59200,5,57,711
"24660319",63200,5,58,459
"24660402",61200,10,58,770
"24660316",56400,10,60,561
"24660386",78500,10,62,516
"24660312",60800,10,59,483
"24660315",78000,10,61,407
"24660314",66500,5,69,751
"24660313",62400,5,61,754
"24662760",43600,30,66,1049
"24662759",68000,0,62,550
"24662758",58400,5,65,426
"24660384",57600,10,58,564
"24660388",66000,10,60,499
"24660224",67000,5,61,441
"24660219",56800,15,38,750
"24660221",59600,5,65,385
"24660220",46400,15,64,982
"24660217",53200,10,61,538
"24660222",59200,10,58,565
"24660216",64500,0,61,434
"24660223",56800,15,61,626
"24660211",59600,15,62,836
"24662665",48800,10,70,639
"24662708",44000,15,70,637
"24662707",72000,0,61,492
"24662671",54000,10,70,580
"24662703",38800,20,43,643
"24662706",48000,10,69,636
"24662705",32000,25,19,542
"24662704",44400,15,63,727
"24662699",42800,5,61,486
"24662698",45200,10,66,369
"24662694",50800,15,61,512
"24663281",34000,55,30,1079
"24662670",51600,10,54,355
"24662668",56800,5,66,592
"24662685",51600,10,68,555
"24662696",51200,10,70,624
"24662687",52800,10,68,588
"24662729",51200,10,66,566
"24662688",52400,5,64,512
"24662689",49600,10,65,537
"24662695",54000,10,63,1014
"24662690",58400,5,66,766
"24662721",50400,10,64,735
"24662691",54800,5,61,578
"24662693",51600,5,70,485
"24662720",55600,15,60,629
"24662692",62400,10,69,406
"24662719",50000,5,64,960
"24662718",38800,25,68,620
"24662717",66500,5,54,1237
"24662715",63200,5,64,520
"24662800",45600,10,64,564
"24662716",46000,5,53,485
"24662797",50800,15,67,613
"24662714",39600,25,56,603
"24662798",46000,20,58,985
"24662799",58800,5,62,405
"24662722",55600,15,62,672
"24662805",56800,10,64,576
"24662801",55200,5,61,496
"24662796",56400,10,62,571
"24662795",54400,10,65,487
"24662792",52800,5,63,435
"24662793",57600,5,66,466
"24662808",66000,5,66,444
"24662785",65500,5,67,594
"24662784",69000,5,64,648
"24662782",63200,15,63,651
"24662809",57600,5,61,528
"24662963",63200,0,66,456
"24662755",71000,5,68,510
"24662772",51600,5,65,607
"24662764",48800,10,68,600
"24662771",42400,10,67,484
"24662770",36800,25,69,590
"24662769",43200,15,64,640
"24662768",44400,10,67,592
"24662767",44000,5,69,564
"24662773",40800,15,65,831
"24662766",52000,5,71,468
"24662774",42800,20,66,761
"24662777",39600,5,71,352
"24662776",54800,5,61,413
"24662775",52800,0,62,386
"24662783",56000,0,63,521
"24662780",71000,5,58,455
"24662779",53600,5,65,495
"24662810",71000,0,64,517
"24662778",41200,15,62,577
"24662781",41200,15,59,497
"24662815",46000,15,67,851
"24662794",63200,5,67,608
"24662807",73000,10,55,508
"24662761",58400,10,63,554
"24662757",61600,5,65,579
"24662756",62800,5,68,545
"24662763",49600,5,66,560
"24662765",54800,10,71,687
"24662811",55600,10,56,556
"24662814",42800,15,66,842
"24662812",71000,5,56,384
"24662825",69500,5,56,327
"24662816",52000,10,62,633
"24662817",49600,15,64,756
"24663277",27200,140,22,2061
"24662848",64000,5,64,533
"24662822",69500,10,65,644
"24662824",79500,5,63,429
"24662823",78000,5,69,401
"24662887",73000,5,69,490
"24662821",37600,40,12,1202
"24662813",42000,20,61,616
"24662819",43600,15,14,1344
"24661353",76500,10,67,579
"24661354",74000,5,68,549
"24661363",82000,0,67,541
"24663396",,,,30
"24663302",73500,15,62,1201
"24660590",95000,5,57,350
"24660588",108000,5,59,527
"24663264",59600,15,67,1225
"24663299",52400,10,72,500
"24660586",81000,5,69,516
"24660587",93000,5,58,457
"24660585",79500,5,69,808
"24660606",67000,5,65,352
"24660584",87000,10,69,556
"24660583",71500,10,71,838
"24662570",75500,10,59,622
"24660605",68500,0,67,506
"24660604",70000,0,70,421
"24660552",54000,10,69,659
"24660551",60400,0,68,411
"24663285",79000,5,68,791
"24660550",55200,10,71,440
"24660562",44000,25,63,577
"24660565",56400,15,58,1034
"24662549",72500,10,60,495
"24662550",52400,15,41,1256
"24663266",59200,10,65,836
"24660560",126000,0,63,509
"24660564",89000,0,62,642
"24660603",87000,5,65,389
"24660546",47600,40,29,1008
"24663496",59200,30,53,869
"24660545",64000,10,70,721
"24661606",41600,30,55,492
"24660561",85000,5,62,637
"24660544",63200,5,65,543
"24661609",57600,25,62,1057
"24663262",62000,30,48,1496
"24660543",68500,5,67,494
"24660541",64000,5,64,521
"24660542",79500,0,62,429
"24660563",69000,5,65,568
"24660536",61600,50,64,1825
"24660540",44800,35,69,1259
"24660537",42400,35,70,886
"24660538",48400,5,68,442
"24660525",45200,10,66,400
"24660539",71000,10,67,675
"24660533",46800,30,64,489
"24663353",40400,25,63,658
"24663355",52000,40,67,2017
"24663495",54800,20,64,892
"24660526",70500,10,60,745
"24663494",,,,0
"24660530",71500,5,66,634
"24663357",53600,15,67,1006
"24661595",87000,15,53,507
"24663261",54400,20,53,1137
"24663352",49600,25,64,675
"24661572",66000,5,66,604
"24661575",91000,5,64,736
"24663137",127000,0,63,552
"24663136",92000,0,58,286
"24662279",44000,10,78,455
"24662257",99000,10,60,575
"24662258",99000,10,60,440
"24663135",94000,5,59,580
"24662262",64000,10,49,504
"24662260",93000,5,64,458
"24662259",85000,5,60,685
"24662261",65000,30,41,1284
"24663183",57600,5,70,516
"24662264",89000,0,66,498
"24662430",68500,5,68,540
"24662263",90000,0,68,520
"24662429",77000,0,69,417
"24662427",84000,5,65,506
"24662426",68000,5,72,898
"24662431",84000,0,61,471
"24662265",98000,5,67,556
"24662428",70000,5,66,447
"24662278",73000,0,69,748
"24662277",100000,5,60,625
"24662288",102000,0,60,440
"24662286",99000,5,63,391
"24662287",75000,0,60,438
"24663170",98000,0,59,480
"24663171",48800,15,59,593
"24663169",44400,15,58,622
"24662289",62000,5,64,819
"24663168",122000,0,66,352
"24662425",99000,0,64,500
"24662275",109000,0,64,571
"24662276",100000,5,58,495
"24662266",108000,0,66,505
"24662424",101000,0,63,546
"24662268",107000,0,59,281
"24662256",89000,0,65,503
"24662255",73500,0,67,473
"24662243",44000,10,69,632
"24662254",84000,0,65,455
"24662250",97000,5,57,537
"24662253",74500,5,70,410
"24662248",97000,5,44,474
"24662252",112000,0,61,349
"24662251",84000,5,65,526
"24662245",88000,0,61,446
"24662244",96000,0,62,473
"24662246",47200,25,66,1141
"24662247",,,,0
"24662242",54800,10,71,757
"24662241",55200,5,58,546
"24662240",54400,15,58,704
"24662239",66000,10,67,532
"24663407",116000,0,76,319
"24663088",113000,0,78,856
"24663485",88000,10,70,2412
"24663080",83000,5,76,650
"24663079",52000,10,73,391
"24663410",68500,15,75,422
"24663178",89000,0,59,378
"24662321",88000,5,60,518
"24663179",109000,0,60,373
"24662322",98000,5,63,740
"24662323",105000,5,70,570
"24662325",103000,0,76,742
"24663174",118000,5,70,836
"24663177",92000,0,61,402
"24662324",106000,5,70,623
"24662326",83000,5,65,643
"24663176",104000,0,63,458
"24662327",84000,5,62,579
"24662328",91000,5,66,518
"24663081",102000,0,74,442
"24663082",71000,5,66,505
"24663089",,,76,185
"24662384",77000,0,61,500
"24663018",42000,15,63,626
"24662379",101000,0,68,640
"24662380",78500,0,62,497
"24662382",86000,0,62,464
"24663019",60000,5,66,518
"24662383",65500,0,62,537
"24662381",82000,5,65,534
"24663020",54400,25,62,1980
"24663009",67500,0,64,662
"24663010",64500,5,67,336
"24663013",44000,10,56,572
"24663140",92000,5,63,871
"24663012",69000,5,70,483
"24663011",67500,10,65,649
"24662986",122000,5,57,374
"24662985",,,31,428
"24660042",41600,15,69,574
"24660043",42400,15,66,428
"24660037",56000,10,62,630
"24662924",74000,5,64,411
"24662925",50000,5,68,553
"24660036",45200,25,61,788
"24662926",54000,5,65,545
"24660035",96000,0,67,438
"24662927",44800,5,61,384
"24660034",92000,0,65,355
"24660033",76000,5,65,905
"24662929",48000,10,64,415
"24662928",80000,10,52,501
"24660032",74500,0,62,486
"24660031",85000,0,64,520
"24662930",87000,0,68,471
"24660006",63600,0,68,417
"24660005",,,68,231
"24660001",70500,5,61,651
"24660004",86000,0,65,273
"24663404",64500,5,73,586
"24660007",67500,5,61,685
"24660002",82000,5,67,542
"24660003",63600,5,66,303
"24660045",70000,5,66,459
"24660030",77500,5,68,1043
"24662931",70000,5,68,472
"24660029",92000,0,70,402
"24662933",84000,0,67,457
"24662932",48800,10,65,563
"24660028",88000,0,57,356
"24660027",61600,0,66,591
"24660022",83000,0,59,342
"24660021",54000,0,62,586
"24660024",66000,0,66,625
"24660026",,,61,754
"24660020",78500,0,57,455
"24660023",53600,5,69,541
"24660025",62800,5,70,589
"24662935",44400,20,53,703
"24660017",45200,5,73,515
"24663276",38000,50,53,1104
"24660013",67000,10,66,533
"24660014",84000,5,65,527
"24660015",44400,10,74,484
"24660010",57600,10,62,709
"24660011",40800,30,57,847
"24660012",63600,10,75,1065
"24660016",77000,0,70,688
"24662948",86000,5,68,1649
"24660008",71500,0,61,491
"24660009",,,68,236
"24662949",80000,0,70,756
"24663405",58800,5,74,563
"24663403",57200,0,73,588
"24663402",65500,0,75,742
"24662951",75000,10,69,632
"24662886",58000,5,69,523
"24662885",73000,5,62,548
"24662858",71000,10,62,766
"24662859",70000,5,64,574
"24662854",58000,15,59,640
"24662856",87000,5,61,280
"24662880",69500,5,59,397
"24662857",50400,10,63,326
"24662861",77000,15,63,654
"24662862",98000,0,67,632
"24662860",57200,35,59,1053
"24662864",67000,10,63,1177
"24662901",92000,10,71,515
"24662892",108000,5,67,586
"24662891",72000,5,69,542
"24662898",93000,5,64,467
"24662865",79000,5,64,582
"24662897",90000,5,69,1389
"24662943",112000,0,67,1321
"24662944",93000,5,71,482
"24662945",99000,0,71,513
"24662941",97000,0,74,476
"24662893",76000,5,64,567
"24662896",81000,0,68,554
"24662890",65500,0,68,501
"24662902",66000,0,67,627
"24662889",83000,0,71,607
"24662888",68500,5,66,695
"24662934",66000,5,65,508
"24662894",71000,10,66,528
"24662895",71000,10,70,640
"24662947",54800,15,61,850
"24662939",103000,0,72,1888
"24662946",93000,0,71,961
"24662938",83000,5,65,431
"24662937",95000,0,70,611
"24662940",79000,0,71,709
"24662936",98000,5,69,2215
"24662876",,,65,247
"24662830",44800,45,54,541
"24662875",72500,5,62,411
"24662878",77000,5,61,418
"24662879",54400,5,50,300
"24662881",79000,10,54,448
"24662883",73000,0,61,485
"24662882",62000,5,65,607
"24662863",52400,10,68,494
"24662869",61600,0,62,498
"24662868",94000,0,63,523
"24662873",67500,10,61,385
"24662874",65000,5,59,583
"24662884",74500,0,63,736
"24662872",76500,0,69,414
"24662871",67000,0,64,454
"24662870",78000,10,61,778
"24662867",75500,5,62,397
"24662866",95000,0,67,465
"24663421",118000,5,71,1183
"24663422",94000,35,66,2391
"24663420",89000,20,66,1723
"24662465",81000,0,60,941
"24662466",74500,10,60,1078
"24662984",153000,0,62,671
"24662467",121000,5,48,403
"24662468",102000,5,58,456
"24662469",113000,0,63,446
"24662471",66000,5,60,523
"24662983",123000,5,57,456
"24662470",131000,0,60,575
"24662472",75500,5,65,382
"24662475",75000,5,63,728
"24662474",73500,0,63,640
"24662501",81000,10,66,800
"24663253",36000,60,67,1511
"24662486",41200,15,70,712
"24662571",66500,10,66,517
"24662502",41200,25,69,1270
"24662484",44000,5,75,513
"24662506",84000,0,63,415
"24662479",64000,5,60,398
"24662567",78500,5,62,394
"24662507",76000,10,60,546
"24662491",42400,15,66,550
"24662490",66000,5,65,674
"24660572",48400,5,64,561
"24662489",58000,0,61,309
"24662485",29800,60,43,983
"24662476",55200,5,65,848
"24662483",50400,15,63,789
"24662569",77500,5,63,458
"24662503",37600,15,70,637
"24662504",74500,10,60,314
"24662478",34800,20,70,861
"24663271",,,17,638
"24662505",96000,5,64,405
"24662477",68000,5,66,559
"24662480",88000,0,56,317
"24662508",82000,5,67,692
"24662509",89000,5,59,495
"24662510",59600,10,62,543
"24662511",46400,10,61,538
"24662512",52800,10,62,715
"24662457",65000,0,63,478
"24662454",44800,30,62,921
"24663424",133000,5,72,874
"24663415",127000,0,68,786
"24660576",69000,5,73,529
"24660577",61600,0,67,421
"24663377",55600,10,68,528
"24662494",67500,0,64,400
"24663425",83000,5,68,1070
"24663418",81000,10,68,638
"24663417",82000,0,51,937
"24663416",88000,10,71,1581
"24663414",106000,40,67,5845
"24660578",55200,10,71,772
"24662495",82000,5,62,586
"24662497",70500,5,55,455
"24662496",89000,0,67,361
"24663376",54800,5,62,542
"24662493",60800,15,62,910
"24663378",77000,0,66,530
"24663375",59200,15,72,1387
"24662500",59600,0,60,495
"24662499",79000,10,55,385
"24662492",34000,5,76,293
"24663380",71500,5,61,543
"24662498",84000,0,60,413
"24662473",66000,5,63,453
"24663374",67500,15,62,850
"24660569",65500,10,63,454
"24662456",62400,5,66,842
"24662455",64500,5,66,455
"24662453",50000,25,54,1158
"24660582",62000,5,68,871
"24660571",42400,15,65,808
"24660567",59200,5,63,531
"24660570",35200,15,68,525
"24662552",65000,10,60,540
"24662554",59200,15,64,459
"24662556",46400,20,58,475
"24662553",82000,10,60,423
"24660568",66500,5,69,572
"24662551",71500,10,59,415
"24662568",77500,5,65,468
"24662557",50000,25,61,598
"24662555",56800,15,58,472
"24662564",88000,0,63,558
"24662558",56000,5,62,407
"24662561",51200,15,61,529
"24662559",38000,15,64,381
"24662560",36400,65,60,669
"24662563",54400,25,62,1147
"24662562",46000,15,67,434
"24662513",66500,10,61,578
"24662515",54000,5,70,595
"24662516",48800,0,71,741
"24663297",65500,10,56,673
"24662522",58000,5,62,540
"24662523",73000,0,62,495
"24662518",102000,10,49,399
"24662524",58400,0,70,347
"24662525",70500,5,63,583
"24662526",58400,40,59,518
"24662527",46400,5,75,469
"24662528",69000,5,30,1015
"24660581",60800,10,68,733
"24660556",57600,15,68,1098
"24660557",50000,0,70,652
"24660558",51600,10,68,709
"24660580",62000,5,66,293
"24660555",71000,0,70,635
"24660579",60000,5,66,519
"24663379",54000,10,65,666
"24660566",82000,10,63,612
"24663467",58800,30,72,2211
"24663468",62800,20,70,1102
"24663469",63200,15,64,839
"24660518",60800,20,64,994
"24663291",60000,20,68,571
"24661611",67500,5,70,453
"24660517",58400,15,63,1023
"24662546",56000,15,63,743
"24662547",50000,15,56,642
"24660516",43600,30,68,1247
"24660515",41200,20,35,675
"24662545",58800,20,62,749
"24662544",47600,25,64,656
"24660514",67000,5,69,448
"24662542",50000,25,66,879
"24662543",56400,5,63,272
"24662539",64500,5,64,447
"24662540",44400,5,70,815
"24662538",61600,5,63,449
"24662519",,,89,896
"24662537",82000,0,63,488
"24662541",93000,0,64,536
"24662536",97000,10,61,508
"24662521",68500,5,63,648
"24662520",92000,0,69,431
"24662535",67000,5,66,492
"24662548",106000,5,57,470
"24662565",69000,0,60,394
"24662566",61600,10,61,310
"24663356",54800,30,62,2554
"24660505",30200,15,81,509
"24662534",63200,0,68,492
"24660504",70000,0,66,548
"24662533",27000,15,86,394
"24660500",56400,10,73,1134
"24662531",69000,5,71,624
"24662532",60000,5,70,412
"24660503",62400,5,66,517
"24662530",62400,0,69,592
"24660502",46400,20,72,880
"24660501",61200,5,63,635
"24662529",38000,40,66,741
"24662581",63200,5,70,489
"24662582",64500,5,67,664
"24662580",69500,5,65,533
"24662572",48800,10,69,484
"24662573",64000,0,67,452
"24662578",52000,20,56,515
"24662579",60800,5,71,467
"24662574",56800,5,68,507
"24662575",59200,10,65,508
"24662577",54000,0,66,604
"24662576",57200,10,66,495
"24662654",71500,5,64,539
"24662656",54000,10,65,472
"24662657",43600,5,71,447
"24662653",45200,15,65,560
"24662655",51200,5,71,511
"24662658",,,16,578
"24662660",49600,10,63,513
"24662659",30200,15,60,730
"24662661",47600,5,71,533
"24662662",57200,5,69,591
"24662664",56000,10,63,722
"24662663",29800,55,55,461
"24660513",60000,15,67,868
"24660487",53600,10,65,578
"24660512",40000,15,69,1112
"24660486",69000,5,73,920
"24660511",44400,10,63,407
"24660510",36000,20,70,542
"24660509",62400,5,64,488
"24660508",52000,10,65,509
"24660507",47200,0,73,457
"24660488",54800,10,66,710
"24660506",62400,15,73,1006
"24660499",56000,15,70,516
"24660498",56400,5,69,709
"24662584",69000,5,75,926
"24662583",78500,0,65,533
"24662652",64000,10,62,595
"24662650",54400,10,66,448
"24662649",46400,10,47,537
"24662648",49600,10,66,468
"24662461",130000,0,54,369
"24662444",79000,20,58,885
"24662460",130000,0,62,506
"24663301",,,57,241
"24662445",53600,25,52,858
"24662463",63200,15,43,587
"24662448",49600,10,72,580
"24663296",59600,15,63,643
"24662447",64500,5,68,313
"24662459",108000,0,61,406
"24662449",69000,5,63,484
"24662450",65000,10,64,345
"24662458",,,63,239
"24662452",48400,20,62,788
"24661100",57600,10,72,770
"24663361",89000,20,52,557
"24663360",42400,25,71,1305
"24663359",38400,5,80,728
"24661256",70000,5,82,1275
"24661887",51600,10,83,571
"24661863",48800,15,85,599
"24661929",34800,40,56,639
"24661927",45600,10,79,845
"24580156",55600,10,53,704
"24661255",82000,10,61,634
"24661257",72500,15,74,818
"24663464",87000,15,77,1697
"24663463",65000,30,72,1302
"24661926",63200,5,89,599
"24663336",54800,10,88,897
"24663337",36800,10,85,488
"24661866",54000,10,83,592
"24661870",51200,10,85,836
"24661864",37600,10,55,366
"24661867",44400,30,83,553
"24661865",47600,10,88,528
"24661868",48400,5,87,501
